batch_num,time,thickness_average,roll_length,speed,meter,gapDR,gapOP,MES_pressureDR,MES_pressureOP
E3E2BC1911,2024/3/14 17:25,141.74,726.61,0.0,0.74,462.52,464.51,12.86996,11.61702
E3E2BC1911,2024/3/14 17:25,141.0,3159.74,29.99,2.29,456.06,460.13,13.29013,12.26085
E3E2BC1911,2024/3/14 17:25,141.82,5662.68,29.96,5.05,455.04,459.85,13.49919,12.58438
E3E2BC1911,2024/3/14 17:26,139.0,5946.56,0.0,6.03,462.44,463.02,5.112213,3.640442
E3E2BC1911,2024/3/14 17:26,139.1,5908.04,0.0,6.03,462.44,463.02,5.112213,3.640442
E3E2BC1911,2024/3/14 17:26,139.0,5908.16,0.0,6.03,462.44,463.02,5.112213,3.640442
E3E2BC1911,2024/3/14 17:26,139.83,6260.25,4.97,6.03,465.44,463.02,12.53691,11.20741
E3E2BC1911,2024/3/14 17:26,141.05,6499.8,0.0,6.03,465.44,463.02,12.53691,11.20741
E3E2BC1911,2024/3/14 17:26,141.61,6499.84,0.0,6.03,465.44,463.02,12.53691,11.20741
E3E2BC1911,2024/3/14 17:26,141.56,6499.88,0.0,6.03,465.44,463.02,13.23758,12.50872
E3E2BC1911,2024/3/14 17:26,141.71,6499.88,0.0,6.03,465.44,463.02,13.23758,12.50872
E3E2BC1911,2024/3/14 17:26,141.6,6499.88,0.0,6.03,465.44,463.02,13.23758,12.50872
E3E2BC1911,2024/3/14 17:26,141.79,6499.88,0.0,6.03,465.44,463.02,14.0938,13.51334
E3E2BC1911,2024/3/14 17:26,141.53,6774.69,4.99,6.22,465.16,461.86,14.0938,13.51334
E3E2BC1911,2024/3/14 17:26,142.29,9237.5,39.88,7.63,456.89,451.48,14.0938,13.51334
E3E2BC1911,2024/3/14 17:26,158.88,14154.49,60.0,11.76,451.58,445.79,14.0938,13.51334
E3E2BC1911,2024/3/14 17:27,140.12,19616.26,4.95,19.07,462.92,451.17,13.52452,13.2645
E3E2BC1911,2024/3/14 17:27,140.49,20774.92,4.99,20.18,462.91,451.16,13.41622,12.32792
E3E2BC1911,2024/3/14 17:27,140.34,23253.68,41.35,22.18,461.21,456.64,13.02939,13.03845
E3E2BC1911,2024/3/14 17:27,139.16,23762.1,0.0,23.37,464.35,459.93,13.02939,13.03845
E3E2BC1911,2024/3/14 17:27,139.48,23762.1,0.0,23.37,464.35,459.93,13.45283,13.55435
E3E2BC1911,2024/3/14 17:27,139.36,23762.06,0.0,23.37,464.35,459.93,14.00841,14.05924
E3E2BC1911,2024/3/14 17:27,139.55,23762.06,0.0,23.37,464.35,459.93,13.72723,11.95715
E3E2BC1911,2024/3/14 17:27,139.53,23762.1,0.0,23.37,464.35,459.93,13.72723,11.95715
E3E2BC1911,2024/3/14 17:28,139.57,23762.1,0.0,23.37,464.35,459.93,0,0
E3E2BC1911,2024/3/14 17:28,139.55,23762.1,0.0,23.37,464.35,459.93,0,0
E3E2BC1911,2024/3/14 17:28,139.58,23762.06,0.0,23.37,464.35,459.93,0,0
E3E2BC1911,2024/3/14 17:28,139.57,23762.1,0.0,23.37,464.35,459.93,0,0
E3E2BC1911,2024/3/14 17:28,139.62,23762.06,0.0,23.37,464.35,459.93,0,0
E3E2BC1911,2024/3/14 17:28,139.63,23762.1,0.0,23.37,464.35,459.93,0,0
E3E2BC1911,2024/3/14 17:28,139.68,23762.06,0.0,23.37,464.35,459.93,0,0
E3E2BC1911,2024/3/14 17:28,139.67,23762.1,0.0,23.37,464.35,459.93,0,0
E3E2BC1911,2024/3/14 17:28,139.75,23762.06,0.0,23.37,464.35,459.93,0,0
E3E2BC1911,2024/3/14 17:29,139.75,23762.1,0.0,23.37,464.35,459.93,0,0
E3E2BC1911,2024/3/14 17:29,139.8,23762.1,0.0,23.37,464.35,459.93,0,0
E3E2BC1911,2024/3/14 17:29,139.82,23762.1,0.0,23.37,464.35,459.93,0,0
E3E2BC1911,2024/3/14 17:29,139.88,23762.06,0.0,23.37,464.35,459.93,0,0
E3E2BC1911,2024/3/14 17:29,139.86,23762.1,0.0,23.37,464.35,459.93,0,0
E3E2BC1911,2024/3/14 17:29,139.9,23762.06,0.0,23.37,464.35,459.93,0,0
E3E2BC1911,2024/3/14 17:29,139.89,23762.1,0.0,23.37,464.35,459.93,0,0
E3E2BC1911,2024/3/14 17:29,139.91,23762.1,0.0,23.37,464.35,459.93,0,0
E3E2BC1911,2024/3/14 17:29,139.94,23762.1,0.0,23.37,464.35,459.93,0,0
E3E2BC1911,2024/3/14 17:29,139.98,23762.1,0.0,23.37,464.35,459.93,0,0
E3E2BC1911,2024/3/14 17:29,140.0,23762.1,0.0,23.37,464.35,459.93,0,0
E3E2BC1911,2024/3/14 17:29,140.02,23762.06,0.0,23.37,464.35,459.93,0,0
E3E2BC1911,2024/3/14 17:30,140.01,23762.1,0.0,23.37,464.35,459.93,0,0
E3E2BC1911,2024/3/14 17:30,139.99,23762.06,0.0,23.37,464.35,459.93,0,0
E3E2BC1911,2024/3/14 17:30,139.98,23762.1,0.0,23.37,464.35,459.93,0,0
E3E2BC1911,2024/3/14 17:30,140.04,23762.06,0.0,23.37,464.35,459.93,0,0
E3E2BC1911,2024/3/14 17:30,140.07,23762.1,0.0,23.37,464.35,459.93,0,0
E3E2BC1911,2024/3/14 17:30,140.15,23762.06,0.0,23.37,464.35,459.93,0,0
E3E2BC1911,2024/3/14 17:30,140.19,23762.1,0.0,23.37,464.35,459.93,0,0
E3E2BC1911,2024/3/14 17:30,140.27,23762.06,0.0,23.37,464.35,459.93,0,0
E3E2BC1911,2024/3/14 17:31,140.24,23762.1,0.0,23.37,464.35,459.93,0,0
E3E2BC1911,2024/3/14 17:31,140.26,23762.1,0.0,23.37,464.35,459.93,0,0
E3E2BC1911,2024/3/14 17:31,140.25,23762.14,0.0,23.37,464.35,459.93,0,0
E3E2BC1911,2024/3/14 17:31,140.26,23762.1,0.0,23.37,464.35,459.93,0,0
E3E2BC1911,2024/3/14 17:31,140.22,23762.1,0.0,23.37,464.35,459.93,0,0
E3E2BC1911,2024/3/14 17:31,140.25,23762.06,0.0,23.37,464.35,459.93,0,0
E3E2BC1911,2024/3/14 17:31,140.24,23762.1,0.0,23.37,464.35,459.93,0,0
E3E2BC1911,2024/3/14 17:31,140.25,23762.1,0.0,23.37,464.35,459.93,0,0
E3E2BC1911,2024/3/14 17:31,140.23,23762.14,0.0,23.37,464.35,459.93,0,0
E3E2BC1911,2024/3/14 17:31,140.26,23762.1,0.0,23.37,464.35,459.93,0,0
E3E2BC1911,2024/3/14 17:31,140.23,23762.1,0.0,23.37,464.35,459.93,0,0
E3E2BC1911,2024/3/14 17:32,140.27,23762.06,0.0,23.37,464.35,459.93,15.00732,13.70203
E3E2BC1911,2024/3/14 17:32,140.28,23762.14,0.0,23.37,464.35,459.93,15.00732,13.70203
E3E2BC1911,2024/3/14 17:32,140.33,23762.1,0.0,23.37,464.35,459.93,15.00732,13.70203
E3E2BC1911,2024/3/14 17:32,140.32,23762.14,0.0,23.37,464.35,459.93,15.00732,13.70203
E3E2BC1911,2024/3/14 17:32,140.36,23762.06,0.0,23.37,464.35,459.93,15.00732,13.70203
E3E2BC1911,2024/3/14 17:32,140.36,23762.1,0.0,23.37,464.35,459.93,15.00732,13.70203
E3E2BC1911,2024/3/14 17:32,140.38,23762.1,0.0,23.37,464.35,459.93,15.00732,13.70203
E3E2BC1911,2024/3/14 17:32,140.34,23762.1,0.0,23.37,464.35,459.93,15.00732,13.70203
E3E2BC1911,2024/3/14 17:32,140.38,23876.14,0.0,23.37,464.35,459.93,15.00732,13.70203
E3E2BC1911,2024/3/14 17:32,139.99,24287.03,4.99,23.78,462.06,458.76,15.00732,13.70203
E3E2BC1911,2024/3/14 17:33,139.87,24803.38,4.99,24.19,462.06,458.76,15.33669,14.81972
E3E2BC1911,2024/3/14 17:33,138.69,27160.84,29.99,26.14,458.88,455.48,15.02699,14.76276
E3E2BC1911,2024/3/14 17:33,141.02,29606.45,29.98,28.17,458.88,455.48,14.99642,15.1057
E3E2BC1911,2024/3/14 17:33,136.03,32049.74,29.99,31.03,458.88,455.48,14.83689,14.42943
E3E2BC1911,2024/3/14 17:33,136.46,34495.63,29.99,33.25,458.88,452.48,13.03811,11.07595
E3E2BC1911,2024/3/14 17:33,136.36,36939.83,29.96,35.91,478.88,460.48,12.68456,11.00151
E3E2BC1911,2024/3/14 17:33,141.06,42580.05,19.98,41.66,481.17,469.19,13.22111,11.46664
E3E2BC1911,2024/3/14 17:33,140.76,50342.92,39.98,49.21,478.37,467.01,13.35905,11.7496
E3E2BC1911,2024/3/14 17:34,141.33,53673.32,39.98,52.18,470.37,459.01,13.87704,13.14775
E3E2BC1911,2024/3/14 17:34,141.05,59908.21,86.44,57.89,461.56,454.2,15.20623,14.95469
E3E2BC1911,2024/3/14 17:34,138.21,67816.34,99.98,63.28,458.28,452.58,14.39606,12.92825
E3E2BC1911,2024/3/14 17:34,139.55,76005.77,99.98,72.93,466.28,460.22,14.27692,12.8976
E3E2BC1911,2024/3/14 17:34,139.61,84191.34,99.98,81.97,474.28,467.59,13.42931,11.63928
E3E2BC1911,2024/3/14 17:34,141.66,92539.34,99.98,89.43,474.28,467.59,13.42931,11.63928
E3E2BC1911,2024/3/14 17:34,141.66,100526.8,99.98,98.71,466.29,456.59,14.52859,14.31144
E3E2BC1911,2024/3/14 17:34,139.95,108664.27,99.98,106.07,463.29,453.59,14.76181,14.10209
E3E2BC1911,2024/3/14 17:34,138.24,116812.43,99.98,113.39,471.28,455.55,14.15379,13.31418
E3E2BC1911,2024/3/14 17:34,139.76,125002.59,99.98,121.63,477.28,455.55,13.48836,11.68266
E3E2BC1911,2024/3/14 17:34,140.92,133160.77,99.99,129.19,475.28,466.54,13.3771,10.82141
E3E2BC1911,2024/3/14 17:34,141.32,141329.42,99.98,139.07,475.28,469.55,13.3771,10.82141
E3E2BC1911,2024/3/14 17:35,141.92,149572.25,99.98,146.39,467.28,461.54,14.02951,12.74313
E3E2BC1911,2024/3/14 17:35,139.7,157645.83,99.99,155.58,467.28,461.54,13.42752,11.81701
E3E2BC1911,2024/3/14 17:35,141.47,182046.34,99.99,179.72,473.81,466.71,13.40716,11.81027
E3E2BC1911,2024/3/14 17:35,141.0,205159.67,99.98,203.58,473.81,463.7,13.58675,11.84063
E3E2BC1911,2024/3/14 17:35,141.09,213339.03,99.98,211.06,466.41,458.32,13.55492,12.23854
E3E2BC1911,2024/3/14 17:35,138.89,221572.25,99.99,218.69,466.41,456.31,13.61631,12.55
E3E2BC1911,2024/3/14 17:35,139.09,229795.13,99.99,227.89,472.4,462.08,14.30066,13.73387
E3E2BC1911,2024/3/14 17:35,140.52,237846.88,99.98,234.26,474.41,462.08,13.77172,12.34172
E3E2BC1911,2024/3/14 17:35,140.86,245983.92,99.98,244.16,470.12,459.93,13.43275,12.2593
E3E2BC1911,2024/3/14 17:36,139.52,254153.28,99.98,251.48,470.12,459.93,13.80351,12.8017
E3E2BC1911,2024/3/14 17:36,139.77,262343.53,99.99,260.69,471.8,459.78,13.49173,12.72587
E3E2BC1911,2024/3/14 17:36,139.99,270512.66,100.01,268.06,471.8,459.78,13.71988,12.75655
E3E2BC1911,2024/3/14 17:36,139.92,278798.91,99.98,277.35,471.21,460.76,13.78529,12.38951
E3E2BC1911,2024/3/14 17:36,139.56,287021.09,99.99,285.05,471.21,460.76,13.30299,12.30019
E3E2BC1911,2024/3/14 17:36,139.88,294988.22,99.98,292.19,474.05,460.68,13.45901,12.12915
E3E2BC1911,2024/3/14 17:36,140.41,303189.13,99.98,299.53,474.05,460.68,13.9224,12.73643
E3E2BC1911,2024/3/14 17:36,140.35,311326.25,99.98,309.9,470.25,459.25,13.91356,12.71257
E3E2BC1911,2024/3/14 17:36,139.23,319495.81,99.99,315.86,470.24,459.25,13.42674,12.01146
E3E2BC1911,2024/3/14 17:36,140.89,343790.13,99.98,341.59,475.55,462.09,13.41772,11.98138
E3E2BC1911,2024/3/14 17:37,140.39,366978.13,99.98,365.06,475.55,462.09,13.40953,11.8548
E3E2BC1911,2024/3/14 17:37,140.81,375157.75,99.98,372.49,470.55,456.0,13.35129,11.98029
E3E2BC1911,2024/3/14 17:37,139.29,383327.13,100.01,381.52,470.55,456.0,13.86269,13.24129
E3E2BC1911,2024/3/14 17:37,139.46,391464.34,99.98,390.0,473.78,461.08,13.86856,13.13179
E3E2BC1911,2024/3/14 17:37,139.92,399623.0,99.98,397.78,473.78,461.08,13.59497,12.28908
E3E2BC1911,2024/3/14 17:37,140.34,407792.0,99.98,405.23,474.46,459.52,13.55442,12.13498
E3E2BC1911,2024/3/14 17:37,140.3,415950.41,100.01,414.1,474.45,459.51,13.49627,12.48151
E3E2BC1911,2024/3/14 17:37,140.34,424108.75,99.98,421.84,471.2,457.87,13.92313,13.05831
E3E2BC1911,2024/3/14 17:37,139.45,432268.06,99.98,430.8,471.2,457.87,13.82575,12.97412
E3E2BC1911,2024/3/14 17:37,139.55,440437.38,99.99,439.44,475.06,460.03,13.5986,12.31668
E3E2BC1911,2024/3/14 17:38,140.62,448627.47,99.99,447.14,475.05,460.03,13.98393,13.04409
E3E2BC1911,2024/3/14 17:38,140.48,456828.28,99.99,454.47,471.7,457.75,13.94349,12.96188
E3E2BC1911,2024/3/14 17:38,139.29,464955.0,99.99,463.67,470.86,457.35,13.39364,11.92174
E3E2BC1911,2024/3/14 17:38,139.49,473102.97,99.98,471.05,470.86,457.35,13.37737,12.02462
E3E2BC1911,2024/3/14 17:38,139.62,481282.69,99.98,478.48,478.86,460.93,13.42082,11.9661
E3E2BC1911,2024/3/14 17:38,141.24,505693.78,99.98,503.01,478.86,460.93,14.04446,13.58164
E3E2BC1911,2024/3/14 17:38,139.1,528754.56,99.99,527.57,470.85,453.87,14.14783,13.46534
E3E2BC1911,2024/3/14 17:38,139.12,536934.75,99.99,535.11,470.85,453.87,14.14831,13.29899
E3E2BC1911,2024/3/14 17:38,139.03,545072.44,99.98,543.16,478.85,461.87,13.23958,11.52088
E3E2BC1911,2024/3/14 17:39,140.12,553230.56,99.98,550.54,478.85,461.87,13.38637,12.06726
E3E2BC1911,2024/3/14 17:39,140.39,561505.44,99.99,560.06,476.47,456.3,13.75457,12.92551
E3E2BC1911,2024/3/14 17:39,140.28,569578.69,99.99,566.96,476.47,456.3,13.79655,12.87369
E3E2BC1911,2024/3/14 17:39,140.11,577726.56,99.98,576.8,472.09,456.52,14.03413,13.05659
E3E2BC1911,2024/3/14 17:39,139.63,585863.69,99.98,583.95,472.09,456.52,13.73958,12.60691
E3E2BC1911,2024/3/14 17:39,139.68,594054.38,100.01,592.16,477.19,457.06,13.73958,12.60691
E3E2BC1911,2024/3/14 17:39,140.55,602234.13,99.98,601.16,477.2,457.07,13.69988,12.72732
E3E2BC1911,2024/3/14 17:39,140.26,610414.06,99.98,608.72,469.98,457.38,14.07165,12.60346
E3E2BC1911,2024/3/14 17:39,139.16,618530.19,99.98,616.09,469.98,457.38,13.66215,12.29547
E3E2BC1911,2024/3/14 17:39,139.51,626710.06,99.99,625.29,475.98,458.31,13.74437,12.3493
E3E2BC1911,2024/3/14 17:39,140.4,634996.13,99.99,632.6,475.98,458.31,14.13218,12.84504
E3E2BC1911,2024/3/14 17:39,140.04,643175.94,99.98,641.73,470.44,457.65,14.13218,12.84504
E3E2BC1911,2024/3/14 17:40,139.5,667407.5,99.98,665.7,470.43,457.65,14.07135,12.79248
E3E2BC1911,2024/3/14 17:40,139.85,690596.13,99.98,689.62,474.12,459.07,13.92106,12.346
E3E2BC1911,2024/3/14 17:40,140.15,698754.75,99.98,697.26,474.11,459.07,13.74348,12.33755
E3E2BC1911,2024/3/14 17:40,140.21,706945.19,99.98,706.12,472.91,456.39,13.80438,12.20207
E3E2BC1911,2024/3/14 17:40,139.63,715071.69,99.98,713.53,472.91,456.38,14.05122,12.9469
E3E2BC1911,2024/3/14 17:40,139.34,723251.81,99.99,720.9,472.34,459.8,13.95193,12.40002
E3E2BC1911,2024/3/14 17:40,139.75,731516.81,99.98,730.07,472.34,459.8,14.00393,12.70527
E3E2BC1911,2024/3/14 17:40,140.07,739601.0,99.99,737.43,476.45,458.28,13.87894,12.57232
E3E2BC1911,2024/3/14 17:41,140.3,747748.63,99.98,746.63,476.45,458.28,14.08736,12.88474
E3E2BC1911,2024/3/14 17:41,140.06,755896.31,99.99,753.88,471.19,457.92,13.68935,12.26471
E3E2BC1911,2024/3/14 17:41,139.39,764065.5,99.98,761.29,471.19,457.92,14.34911,13.121
E3E2BC1911,2024/3/14 17:41,139.79,772223.94,99.99,770.53,478.77,458.99,14.30378,12.86355
E3E2BC1911,2024/3/14 17:41,140.93,780382.19,99.99,777.89,478.77,458.99,13.74639,12.04839
E3E2BC1911,2024/3/14 17:41,140.47,788519.19,99.98,787.14,470.77,457.21,13.81913,12.08421
E3E2BC1911,2024/3/14 17:41,139.27,796678.06,99.98,794.51,470.77,457.21,13.89243,11.94468
E3E2BC1911,2024/3/14 17:41,139.47,804900.56,99.99,803.77,477.79,459.61,14.13276,12.14159
E3E2BC1911,2024/3/14 17:41,140.7,829141.13,99.98,827.65,477.79,459.61,14.01583,12.13012
E3E2BC1911,2024/3/14 17:42,140.35,852307.94,99.99,851.65,473.88,460.08,13.97644,12.22241
E3E2BC1911,2024/3/14 17:42,140.26,860509.0,99.99,858.91,473.88,460.08,14.16069,13.22526
E3E2BC1911,2024/3/14 17:42,139.85,868656.88,99.99,866.24,473.13,457.41,14.01215,12.69865
E3E2BC1911,2024/3/14 17:42,139.73,876995.88,99.98,874.5,473.13,457.41,14.01215,12.69865
E3E2BC1911,2024/3/14 17:42,139.82,884973.56,99.98,882.74,477.37,458.52,13.65926,12.11643
E3E2BC1911,2024/3/14 17:42,140.3,893164.13,99.98,891.85,477.37,458.52,13.72757,12.29693
E3E2BC1911,2024/3/14 17:42,140.07,901322.44,99.99,899.3,472.48,459.21,13.93163,12.30389
E3E2BC1911,2024/3/14 17:42,139.62,909502.44,99.99,908.49,472.48,459.21,13.93163,12.30389
E3E2BC1911,2024/3/14 17:42,139.72,917671.75,99.99,915.92,477.31,458.49,13.80394,12.35086
E3E2BC1911,2024/3/14 17:42,140.35,925840.5,99.99,925.09,477.31,458.49,13.60774,12.40894
E3E2BC1911,2024/3/14 17:42,139.94,934009.19,99.98,932.36,472.9,459.0,13.88312,12.13396
E3E2BC1911,2024/3/14 17:42,139.57,942167.63,100.01,941.56,472.89,459.0,13.88312,12.13396
E3E2BC1911,2024/3/14 17:43,139.54,950475.38,99.99,948.93,477.18,459.55,13.54848,11.82242
E3E2BC1911,2024/3/14 17:43,140.27,958623.25,99.98,958.42,477.18,459.55,13.7774,11.84727
E3E2BC1911,2024/3/14 17:43,139.76,966706.88,99.98,965.49,473.05,460.04,13.74852,11.97235
E3E2BC1911,2024/3/14 17:43,139.87,990969.69,99.98,990.71,473.05,460.04,13.76572,11.99613
E3E2BC1911,2024/3/14 17:43,139.75,1014169.06,99.98,1013.76,475.07,460.55,13.6182,11.74226
E3E2BC1911,2024/3/14 17:43,140.13,1022316.75,99.96,1020.93,475.06,460.55,13.62527,11.65768
E3E2BC1911,2024/3/14 17:43,140.04,1030507.31,99.99,1029.9,475.6,458.31,13.5859,11.69601
E3E2BC1911,2024/3/14 17:43,140.02,1038676.63,99.99,1037.25,473.76,459.53,13.71161,11.93195
E3E2BC1911,2024/3/14 17:44,139.79,1046856.44,99.98,1046.44,473.76,459.53,13.80418,11.98988
E3E2BC1911,2024/3/14 17:44,139.77,1055089.5,99.98,1053.71,474.66,460.91,13.64642,11.86394
E3E2BC1911,2024/3/14 17:44,140.08,1063301.25,99.96,1062.87,474.66,460.91,13.69197,11.79672
E3E2BC1911,2024/3/14 17:44,140.08,1071332.0,99.98,1070.61,474.35,460.0,13.75122,12.12511
E3E2BC1911,2024/3/14 17:44,139.46,1079479.88,99.98,1078.78,474.35,460.0,13.67858,11.73405
E3E2BC1911,2024/3/14 17:44,139.86,1087712.38,99.99,1087.8,476.55,461.02,13.7182,11.61485
E3E2BC1911,2024/3/14 17:44,140.27,1095924.13,99.99,1095.1,476.55,461.02,13.95491,12.33533
E3E2BC1911,2024/3/14 17:44,140.34,1103997.5,99.98,1102.89,473.55,459.52,13.28304,11.169
E3E2BC1911,2024/3/14 17:44,139.16,1112145.5,100.01,1110.2,473.55,459.52,13.58424,11.69786
E3E2BC1911,2024/3/14 17:44,139.63,1120314.63,99.99,1119.33,476.95,463.19,13.89759,12.69033
E3E2BC1911,2024/3/14 17:44,140.66,1128462.25,99.98,1126.86,476.95,463.19,13.89759,12.69033
E3E2BC1911,2024/3/14 17:45,139.75,1152799.38,99.99,1152.5,473.32,459.09,13.95215,12.61213
E3E2BC1911,2024/3/14 17:45,139.78,1175977.5,99.98,1174.25,473.32,459.09,13.92579,12.63835
E3E2BC1911,2024/3/14 17:45,139.66,1184125.25,100.01,1182.7,476.16,462.48,13.99334,12.73583
E3E2BC1911,2024/3/14 17:45,139.96,1192294.5,99.99,1190.55,476.17,462.48,13.98742,12.70918
E3E2BC1911,2024/3/14 17:45,140.38,1200452.88,99.98,1199.89,475.86,461.27,13.65583,11.85154
E3E2BC1911,2024/3/14 17:45,140.26,1208643.13,99.98,1206.91,475.86,461.27,13.68953,12.24279
E3E2BC1911,2024/3/14 17:45,140.43,1216790.88,99.98,1214.14,473.47,459.83,13.68983,12.26151
E3E2BC1911,2024/3/14 17:45,139.41,1224949.63,99.99,1223.24,473.46,459.83,13.94551,12.70878
E3E2BC1911,2024/3/14 17:45,139.82,1233108.0,99.98,1232.41,476.33,462.67,13.95911,12.63395
E3E2BC1911,2024/3/14 17:45,140.65,1241596.0,99.98,1241.28,476.33,462.67,13.71417,11.7022
E3E2BC1911,2024/3/14 17:46,140.5,1249414.13,99.99,1248.67,472.74,459.57,14.17859,12.58961
E3E2BC1911,2024/3/14 17:46,139.22,1257594.25,99.98,1256.05,472.74,459.57,13.79919,11.76236
E3E2BC1911,2024/3/14 17:46,139.57,1265763.63,100.01,1265.28,476.86,463.17,13.92863,12.45195
E3E2BC1911,2024/3/14 17:46,140.81,1274028.0,99.98,1272.63,476.86,463.17,14.05304,12.81021
E3E2BC1911,2024/3/14 17:46,140.66,1282069.38,99.98,1281.83,472.8,459.1,13.64135,11.9242
E3E2BC1911,2024/3/14 17:46,139.14,1290344.88,99.98,1289.24,472.8,459.1,13.72551,11.80059
E3E2BC1911,2024/3/14 17:46,140.78,1314501.13,99.98,1314.24,477.39,462.62,13.77177,11.76083
E3E2BC1911,2024/3/14 17:46,140.19,1337688.88,99.99,1337.66,477.39,462.61,13.76367,11.92192
E3E2BC1911,2024/3/14 17:47,140.47,1345900.25,99.99,1346.15,472.43,459.55,14.23477,12.52539
E3E2BC1911,2024/3/14 17:47,139.46,1354037.25,99.98,1354.02,472.43,459.55,13.74887,11.45471
E3E2BC1911,2024/3/14 17:47,139.36,1362249.25,99.98,1362.67,475.72,462.81,13.88719,11.87727
E3E2BC1911,2024/3/14 17:47,139.76,1370386.38,99.99,1370.75,475.72,462.81,13.75984,12.0387
E3E2BC1911,2024/3/14 17:47,140.17,1378906.38,99.98,1377.81,476.76,462.55,13.98302,12.39539
E3E2BC1911,2024/3/14 17:47,140.32,1386734.5,99.98,1385.43,476.76,462.55,13.98302,12.39539
E3E2BC1911,2024/3/14 17:47,140.18,1394903.75,99.98,1394.27,473.38,460.07,14.12495,12.5267
E3E2BC1911,2024/3/14 17:47,139.15,1403073.13,99.98,1402.92,473.38,460.07,13.62636,11.63725
E3E2BC1911,2024/3/14 17:47,139.27,1411274.25,99.98,1410.88,479.41,463.83,13.68282,11.81618
E3E2BC1911,2024/3/14 17:47,140.86,1419517.38,99.98,1420.16,479.41,463.83,14.14906,12.52296
E3E2BC1911,2024/3/14 17:47,140.6,1427654.13,99.98,1427.25,474.44,460.03,14.08088,12.44337
E3E2BC1911,2024/3/14 17:47,139.14,1435823.63,99.98,1434.64,474.44,460.02,14.08088,12.44337
E3E2BC1911,2024/3/14 17:48,139.46,1443992.88,99.99,1443.78,478.35,464.05,13.98018,12.79438
E3E2BC1911,2024/3/14 17:48,140.86,1452161.75,99.99,1451.23,478.35,464.05,14.04301,12.67244
E3E2BC1911,2024/3/14 17:48,139.73,1476487.88,99.98,1475.49,475.16,459.05,14.11664,12.68722
E3E2BC1911,2024/3/14 17:48,139.69,1499687.63,99.98,1498.21,475.16,459.04,14.06325,12.71577
E3E2BC1911,2024/3/14 17:48,139.73,1507856.88,99.98,1508.31,477.64,464.15,13.88348,12.66855
E3E2BC1911,2024/3/14 17:48,140.22,1516004.5,99.99,1513.87,477.64,464.15,13.72799,11.76305
E3E2BC1911,2024/3/14 17:48,140.58,1524152.13,99.98,1523.01,476.39,461.13,13.94852,12.77775
E3E2BC1911,2024/3/14 17:48,140.24,1532321.38,99.98,1530.41,476.39,461.13,13.73386,12.21032
E3E2BC1911,2024/3/14 17:48,140.13,1540469.25,99.98,1540.76,474.83,460.43,13.90696,12.51074
E3E2BC1911,2024/3/14 17:49,139.48,1548850.88,99.98,1548.27,474.83,460.43,13.98016,12.58177
E3E2BC1911,2024/3/14 17:49,139.79,1556850.13,99.98,1555.71,478.29,463.36,13.61209,11.87838
E3E2BC1911,2024/3/14 17:49,140.87,1565050.88,99.98,1564.86,478.28,463.36,14.0245,12.99239
E3E2BC1911,2024/3/14 17:49,140.6,1573135.0,99.99,1572.16,473.95,457.68,13.9666,12.98487
E3E2BC1911,2024/3/14 17:49,139.0,1581293.75,99.99,1579.58,473.95,457.68,13.44682,11.76384
E3E2BC1911,2024/3/14 17:49,139.29,1589473.25,99.96,1588.63,478.53,465.16,13.44571,11.83767
E3E2BC1911,2024/3/14 17:49,141.06,1597642.25,99.98,1597.86,478.52,465.16,13.95496,12.77623
E3E2BC1911,2024/3/14 17:49,140.89,1605939.13,99.99,1605.21,471.87,459.96,13.49894,11.83529
E3E2BC1911,2024/3/14 17:49,138.88,1613927.75,99.99,1614.42,471.87,459.96,13.6345,11.85102
E3E2BC1911,2024/3/14 17:49,140.49,1638243.5,99.98,1638.47,477.2,464.58,13.56052,11.89708
E3E2BC1911,2024/3/14 17:50,140.0,1661495.5,99.99,1660.59,477.2,464.57,13.56868,11.81565
E3E2BC1911,2024/3/14 17:50,140.44,1669568.88,99.99,1669.73,473.99,460.83,13.54997,11.81852
E3E2BC1911,2024/3/14 17:50,139.55,1677716.75,99.98,1677.19,473.99,460.83,13.86909,12.61187
E3E2BC1911,2024/3/14 17:50,139.66,1685896.5,99.98,1686.44,475.74,463.07,13.55184,11.78005
E3E2BC1911,2024/3/14 17:50,139.74,1694055.0,99.98,1694.28,475.74,463.07,13.75249,12.11569
E3E2BC1911,2024/3/14 17:50,140.1,1702213.75,99.96,1701.38,476.02,463.75,13.67176,11.72676
E3E2BC1911,2024/3/14 17:50,140.28,1710361.63,100.01,1710.58,476.01,463.74,13.79728,11.85421
E3E2BC1911,2024/3/14 17:50,140.16,1718626.63,100.01,1717.98,473.63,461.42,13.97351,12.60717
E3E2BC1911,2024/3/14 17:50,139.69,1726742.38,99.98,1727.1,473.63,461.43,13.77207,12.0064
E3E2BC1911,2024/3/14 17:50,139.68,1734890.25,99.98,1734.89,475.45,463.92,13.93005,11.95906
E3E2BC1911,2024/3/14 17:51,140.23,1743048.88,99.98,1743.78,475.44,463.92,13.84575,12.47054
E3E2BC1911,2024/3/14 17:51,139.99,1751218.13,99.98,1751.15,475.02,461.95,13.90856,12.4259
E3E2BC1911,2024/3/14 17:51,139.5,1759398.25,100.01,1758.53,475.02,461.94,13.82596,11.89494
E3E2BC1911,2024/3/14 17:51,139.83,1767535.0,99.99,1767.75,476.78,464.22,14.21699,12.83928
E3E2BC1911,2024/3/14 17:51,140.51,1775842.0,99.98,1775.1,476.79,464.22,14.14645,12.65176
E3E2BC1911,2024/3/14 17:51,139.55,1800041.63,99.99,1800.16,473.61,461.18,14.15018,12.66652
E3E2BC1911,2024/3/14 17:51,139.36,1823230.25,99.99,1823.07,473.61,461.18,14.1254,12.75087
E3E2BC1911,2024/3/14 17:51,139.24,1831687.38,99.98,1832.19,479.78,466.86,14.08572,12.77505
E3E2BC1911,2024/3/14 17:51,140.57,1839824.25,99.98,1839.62,479.78,466.86,13.62234,11.63274
E3E2BC1911,2024/3/14 17:52,140.8,1847684.5,99.98,1847.11,475.05,464.03,13.50188,11.68143
E3E2BC1911,2024/3/14 17:52,139.96,1855853.63,100.01,1856.31,475.04,464.02,13.93842,12.38124
E3E2BC1911,2024/3/14 17:52,139.85,1864001.38,100.01,1863.66,475.94,463.26,13.89424,12.5805
E3E2BC1911,2024/3/14 17:52,139.65,1872330.0,99.98,1872.99,475.94,463.26,13.95486,12.59289
E3E2BC1911,2024/3/14 17:52,139.75,1880350.0,99.98,1880.35,477.82,466.33,13.73168,11.80915
E3E2BC1911,2024/3/14 17:52,140.62,1888497.63,99.98,1889.51,477.82,466.33,13.73168,11.80915
E3E2BC1911,2024/3/14 17:52,140.4,1896655.88,99.99,1896.9,474.65,463.01,14.13583,12.80402
E3E2BC1911,2024/3/14 17:52,139.35,1904814.5,99.99,1904.29,474.65,463.01,14.07592,12.61814
E3E2BC1911,2024/3/14 17:52,139.61,1912994.25,100.01,1913.47,478.25,466.13,13.74846,11.88876
E3E2BC1911,2024/3/14 17:52,140.77,1921248.0,99.98,1922.06,478.25,466.13,13.76886,11.84279
E3E2BC1911,2024/3/14 17:52,140.5,1929300.13,99.99,1930.29,474.62,462.45,14.10654,12.69569
E3E2BC1911,2024/3/14 17:52,139.26,1937458.75,99.99,1937.33,474.62,462.45,14.10654,12.69569
E3E2BC1911,2024/3/14 17:53,140.56,1961753.0,99.98,1961.19,478.53,466.15,13.83867,11.8452
E3E2BC1911,2024/3/14 17:53,140.26,1984930.13,99.98,1985.16,478.53,466.14,13.84791,11.79846
E3E2BC1911,2024/3/14 17:53,140.48,1993152.38,99.99,1994.59,474.21,462.96,13.79046,11.89476
E3E2BC1911,2024/3/14 17:53,139.71,2001311.0,99.99,2001.63,474.21,462.96,13.77503,11.80589
E3E2BC1911,2024/3/14 17:53,139.61,2009491.25,99.99,2009.04,474.21,462.96,14.12683,12.40705
E3E2BC1911,2024/3/14 17:53,139.84,2017894.13,99.98,2018.22,477.02,464.78,13.86968,12.03266
E3E2BC1911,2024/3/14 17:53,140.05,2025818.63,100.01,2027.03,477.44,465.59,13.70262,11.65415
E3E2BC1911,2024/3/14 17:53,140.43,2034019.75,100.01,2034.71,477.44,465.59,13.76243,11.81517
E3E2BC1911,2024/3/14 17:54,140.21,2042178.5,99.98,2043.58,475.18,462.68,14.04673,12.44475
E3E2BC1911,2024/3/14 17:54,139.29,2050358.38,99.98,2050.78,475.18,462.68,13.72858,11.78525
E3E2BC1911,2024/3/14 17:54,139.63,2058740.38,99.99,2059.86,478.73,466.53,14.06945,13.19532
E3E2BC1911,2024/3/14 17:54,140.94,2066675.38,99.99,2067.59,478.73,466.53,14.15313,13.05991
E3E2BC1911,2024/3/14 17:54,140.53,2074844.25,99.98,2076.42,474.73,459.45,13.71004,12.60381
E3E2BC1911,2024/3/14 17:54,138.93,2083035.0,100.01,2082.26,474.72,459.44,13.89058,11.86051
E3E2BC1911,2024/3/14 17:54,139.28,2091151.0,99.99,2092.43,480.67,460.7,13.78055,12.14258
E3E2BC1911,2024/3/14 17:54,140.38,2099288.25,99.98,2100.44,480.67,460.7,13.90247,12.19193
E3E2BC1911,2024/3/14 17:54,140.02,2123646.5,99.98,2124.05,477.2,463.19,13.85498,12.17804
E3E2BC1911,2024/3/14 17:55,140.02,2146845.75,99.99,2147.55,477.2,463.19,13.82855,12.24298
E3E2BC1911,2024/3/14 17:55,139.81,2155047.0,100.01,2154.62,477.92,462.38,13.72891,12.45058
E3E2BC1911,2024/3/14 17:55,139.5,2163163.0,99.98,2164.33,477.92,462.38,13.72221,12.497
E3E2BC1911,2024/3/14 17:55,139.82,2171321.0,99.98,2171.91,479.68,465.07,13.47588,11.8497
E3E2BC1911,2024/3/14 17:55,140.43,2179468.75,99.98,2179.49,479.68,465.06,14.11859,13.12244
E3E2BC1911,2024/3/14 17:55,140.29,2187648.5,99.98,2188.74,476.93,461.63,14.11859,13.12244
E3E2BC1911,2024/3/14 17:55,139.01,2195818.0,99.98,2196.2,476.93,461.63,13.82769,12.70925
E3E2BC1911,2024/3/14 17:55,139.43,2203955.25,100.01,2205.38,480.59,467.87,13.45473,11.74544
E3E2BC1911,2024/3/14 17:55,141.06,2212092.0,100.01,2212.73,480.59,467.87,13.58884,11.80339
E3E2BC1911,2024/3/14 17:55,140.93,2220261.0,99.98,2221.89,480.6,467.88,14.19313,13.27203
E3E2BC1911,2024/3/14 17:55,140.47,2228473.0,99.98,2228.67,472.6,459.88,14.1796,13.29148
E3E2BC1911,2024/3/14 17:55,138.82,2236589.25,100.01,2237.92,472.59,459.87,14.1796,13.29148
E3E2BC1911,2024/3/14 17:56,138.78,2244737.5,99.99,2245.28,480.59,467.88,13.64207,12.4223
E3E2BC1911,2024/3/14 17:56,140.95,2252949.25,99.98,2254.47,480.6,467.88,13.85663,12.8588
E3E2BC1911,2024/3/14 17:56,140.44,2261086.25,99.99,2262.93,475.03,462.97,13.96244,12.65929
E3E2BC1911,2024/3/14 17:56,139.44,2285423.5,99.98,2286.74,473.03,462.96,14.23719,12.91885
E3E2BC1911,2024/3/14 17:56,139.39,2308580.75,99.98,2308.81,475.71,466.01,13.95987,12.12014
E3E2BC1911,2024/3/14 17:56,139.79,2316752.75,99.99,2317.97,475.71,466.01,13.95127,12.15884
E3E2BC1911,2024/3/14 17:56,139.76,2321847.25,58.06,2323.56,480.91,469.47,12.7206,10.75974
E3E2BC1911,2024/3/14 17:56,141.39,2323090.75,13.03,2325.83,495.13,472.1,13.44044,11.86382
E3E2BC1911,2024/3/14 17:57,140.8,2327438.0,60.63,2328.71,483.02,466.13,14.96633,14.15202
E3E2BC1911,2024/3/14 17:57,140.77,2335212.0,100.01,2336.18,468.51,459.14,14.51165,12.78495
E3E2BC1911,2024/3/14 17:57,137.94,2343436.0,99.98,2344.24,470.47,464.22,14.42691,12.86522
E3E2BC1911,2024/3/14 17:57,139.07,2351576.5,99.98,2351.32,470.47,464.21,13.97687,12.26764
E3E2BC1911,2024/3/14 17:57,139.13,2359679.25,99.98,2361.91,478.47,465.54,13.88352,12.38396
E3E2BC1911,2024/3/14 17:57,140.43,2367858.25,99.98,2367.88,478.47,465.54,13.03065,11.72473
E3E2BC1911,2024/3/14 17:57,140.26,2374324.25,70.0,2375.82,483.1,463.4,12.92512,11.62098
E3E2BC1911,2024/3/14 17:57,139.49,2380008.25,69.95,2382.24,487.28,465.22,13.219,12.45512
E3E2BC1911,2024/3/14 17:57,140.94,2384235.0,40.93,2386.78,489.87,462.7,13.36415,12.6356
E3E2BC1911,2024/3/14 17:57,141.38,2386658.75,29.98,2389.55,492.3,462.13,13.87833,12.81353
E3E2BC1911,2024/3/14 17:57,141.98,2389125.0,29.98,2391.8,484.3,461.26,13.87833,12.81353
E3E2BC1911,2024/3/14 17:58,140.24,2396409.5,29.99,2399.05,481.3,461.26,13.81421,12.87811
E3E2BC1911,2024/3/14 17:58,138.45,2403343.25,30.01,2405.71,478.29,461.25,14.12519,13.01764
E3E2BC1911,2024/3/14 17:58,139.02,2403817.25,0.0,2407.2,487.52,470.46,13.93118,12.74393
E3E2BC1911,2024/3/14 17:58,138.86,2403817.0,0.0,0.0,487.52,470.46,13.93118,12.74393
