ObjectNo,StepSequenceNo,SequenceNo,Datetime,LAACA_PR001,LAACA_PR002,LAACA_PR003,LAACA_PR004,LAACA_PR005,LAACA_PR006,LAACA_PR007,LAACA_PR008,LAACA_PR009,LAACA_PR010,LAACA_PR011,LAACA_PR012,LAACA_PR013,LAACA_PR014,LAACA_PR015,LAACA_PR016,LAACA_PR017,LAACA_PR018,LAACA_PR019,LAACA_PR020,LAACA_PR021,LAACA_PR022,LAACA_PR027,LAACA_PR028,LAACA_PR029,LAACA_PR030,LAACA_PR031,LAACA_PR032,LAACA_PR033,LAACA_PR034,LAACA_PR035,LAACA_PR036,LAACA_PR037,LAACA_PR038,LAACA_PR039,LAACA_PR040,LAACA_PR041,LAACA_PR042,LAACA_PR043,LAACA_PR044
对象号,工步号,顺序号,时间戳,结果_辊压速度,结果_传动侧主辊位置,结果_操作侧主辊位置,结果_传动侧上弯缸压力,结果_操作侧上弯缸压力,结果_上刀速比,结果_下刀速比,结果_上收速比,结果_下收速比,结果_毛刷速比,结果_放卷张力,结果_入牵张力,结果_出牵张力,结果_分切入牵张力,结果_上收卷张力,结果_下收卷张力,结果_上收卷锥度,结果_下收卷锥度,结果_放卷摆辊位置,结果_入牵摆辊位置,结果_出牵摆辊位置,结果_分切入牵摆辊位置,结果_上卷宽度偏移量,结果_下卷宽度偏移量,结果_极片厚度k值,结果_极片厚度b值,结果_激光功率,结果_激光频率,结果_激光离焦量,结果_激光脉宽,结果_激光器横向距离,结果_辊压长度,结果_分切长度,结果_放卷卷径,结果_上收卷长度,结果_上收卷卷径,结果_下收卷长度,结果_下收卷卷径,结果_激光除尘风速1,结果_激光除尘风速2
E3J2BC1282,0,0,2024-03-18 15:13:06,4.989462,491,493.4,13.34537,11.29203,0,0,1.2,1.2,2,59.9552,319.583,144.763,117.3633,56.93993,58.91905,10,10,51.06721,50.95,47.54678,50.67964,0,0,1,1.5,40,250,-0.4679699,120,7.209623,0.3848118,0.3848118,779.0447,0.3848118,697.4064,0.3848118,662.7785,12.71906,5.454813
E3J2BC1282,0,1,2024-03-18 15:13:12,4.989462,490.1,494.8,13.43604,11.30494,0,0,1.2,1.2,2,60.05819,319.6294,148.0698,118.2736,59.41785,59.43927,10,10,50.33033,50.4398,48.74677,49.43427,0,0,1,1.5,40,250,-0.4679699,120,7.20962,0.8808567,0.8808567,778.3422,0.8808567,697.2451,0.8808567,662.3337,17.33237,20.11825
E3J2BC1282,0,2,2024-03-18 15:13:18,4.970093,490.5,493.9,13.1331,11.33614,0,0,1.2,1.2,2,60.36348,319.4222,149.0646,118.7511,60.34439,59.63677,10,10,50.0631,50.20741,49.66209,49.6676,0,0,1,1.5,40,250,-0.4679718,120,7.209618,1.379293,1.379293,777.7545,1.379293,695.0427,1.379293,662.15,23.09444,24.53238
E3J2BC1282,0,3,2024-03-18 15:13:24,5.004957,490.3,494.6,13.32032,11.13793,0,0,1.2,1.2,2,60.57318,319.6245,149.1646,119.0909,59.81638,59.83556,10,10,50.06475,50.1602,49.78387,49.63055,0,0,1,1.5,40,250,-0.4679718,120,7.209618,1.877795,1.877795,778.6868,1.877795,695.4177,1.877795,661.8503,25.97781,24.90894
E3J2BC1282,0,4,2024-03-18 15:13:30,5.004957,490.7,494.5,13.67489,11.15872,0,0,1.2,1.2,2,60.52631,321.1771,150.9667,119.1306,58.62708,60.21378,10,10,50.01066,50.03889,50.01774,49.78241,0,0,1,1.5,40,250,-0.4679661,120,7.20962,2.376018,2.376018,779.7826,2.376018,696.8131,2.376018,661.8648,25.96375,24.91063
E3J2BC1282,0,5,2024-03-18 15:13:36,29.97551,487.7,492.2,13.59715,11.85795,0,0,1.2,1.2,2,58.83887,318.0354,144.413,116.3487,55.71418,56.23795,10,10,55.35163,53.12593,50.59921,57.13335,0,0,1,1.5,40,250,-0.467968,120,7.444772,4.371318,4.371318,777.2684,4.371318,696.1202,4.371318,662.1307,26.01188,24.91075
E3J2BC1282,0,6,2024-03-18 15:13:48,1.809067,9060.7,9062.3,3.358093,0.9226685,0,0,1.2,1.2,2,52.49187,184.3463,172.0024,63.05267,44.17068,28.47684,10,10,49.9705,97.89073,34.63064,37,0,0,1,1.5,40,250,-0.4679737,120,7.444633,5.788511,5.788628,779.5661,5.788628,695.5269,5.788628,662.9526,25.86062,24.91237
E3J2BC1282,0,7,2024-03-18 15:13:54,4.970093,21219.2,21220,3.304852,0.8684464,0,0,1.2,1.2,2,60.01564,160.6678,146.2527,76.30599,45.37633,36.12386,10,10,50.38853,97.84538,55.1379,51.64723,0,0,1,1.5,40,250,-0.4679718,120,7.444629,5.788511,6.264336,778.0593,6.264336,695.674,6.264336,662.9961,25.895,24.91231
E3J2BC1282,0,8,2024-03-18 15:14:00,4.970093,33414.5,33377.8,3.148403,0.1227608,0,0,1.2,1.2,2,60.29873,164.1483,149.7744,82.12897,49.1064,45.12241,10,10,50.15,97.83611,51.24677,51.17314,0,0,1,1.5,40,250,-0.4679699,120,7.444619,5.788511,6.779851,778.0991,6.779851,697.5109,6.779851,662.2032,26.06069,24.91344
E3J2BC1282,0,9,2024-03-18 15:22:26,4.989462,488.8,493.2,14.65051,12.94341,0,0,1.2,1.2,2,61.23187,319.0322,141.0812,120.2915,57.90545,59.11784,10,10,51.08852,50.70555,50.49113,51.66852,0,0,1,1.5,40,250,-0.4679737,120,7.444624,6.021295,7.15842,778.6647,7.15842,696.8891,7.15842,662.1162,22.65331,24.34144
E3J2BC1282,0,10,2024-03-18 15:22:33,4.989462,489.3,492.8,14.75274,13.13112,0,0,1.2,1.2,2,61.24174,319.5806,149.337,120.8285,60.11181,59.85621,10,10,50.44099,50.35832,48.89355,49.30556,0,0,1,1.5,40,250,-0.4679775,120,7.444616,6.520758,7.657884,777.5556,7.657884,696.6802,7.657884,661.9131,26.17106,24.90381
E3J2BC1282,0,11,2024-03-18 15:22:45,4.989462,486.5,492.1,14.6073,13.27161,0,0,1.2,1.2,2,61.03513,319.488,144.2031,120.2729,59.08092,58.90227,10,10,50.71967,50.7574,48.94677,50.45834,0,0,1,1.5,40,250,-0.4679718,120,7.444619,7.09411,8.231236,780.335,8.231236,694.9335,8.231236,662.4546,26.0795,24.90575
E3J2BC1282,0,12,2024-03-18 15:22:51,29.97551,482.9,491,15.04185,13.70301,0,0,1.2,1.2,2,59.95088,318.7056,145.2404,117.1375,54.92215,56.4845,10,10,55.34754,53.78148,48.04758,56.47131,0,0,1,1.5,40,250,-0.4679737,120,7.444616,9.151298,10.28842,780.5073,10.28842,696.6802,10.28842,662.063,26.09119,24.90581
E3J2BC1282,0,13,2024-03-18 15:22:57,29.95614,474.2,481.3,15.90812,15.38651,0,0,1.2,1.2,2,59.67642,320.0559,148.2498,121.342,60.46508,61.01411,10,10,51.65983,51.80092,45.10807,47.70279,0,0,1,1.5,40,250,-0.4679737,120,7.444619,12.17493,13.31206,780.167,13.31206,696.965,13.31206,662.6093,26.11044,24.90719
E3J2BC1282,0,14,2024-03-18 15:23:03,29.97551,475,483.6,15.65392,14.76465,0,0,1.2,1.2,2,60.1137,320.246,149.0996,121.1039,60.14827,60.69914,10,10,50.53689,50.8102,48.93952,48.5352,0,0,1,1.5,40,250,-0.4679756,120,7.444616,15.18845,16.32557,779.6854,16.32557,697.302,16.32557,663.0541,26.011,24.90806
E3J2BC1282,0,15,2024-03-18 15:23:09,4.989462,476.3,483.7,15.16369,14.42544,0,0,1.2,1.2,2,61.78387,319.7512,152.9763,125.5068,65.36685,65.49337,10,10,51.4959,57.2787,27.57178,36.7287,0,0,1,1.5,40,250,-0.4679737,120,7.444616,17.43064,18.56777,780.9933,18.56777,697.9143,18.56777,663.1314,26.10975,24.90869
E3J2BC1282,0,16,2024-03-18 15:23:15,5.004957,480.9,485.1,14.57037,14.03205,0,0,1.2,1.2,2,62.02193,320.0461,150.5293,119.9864,59.18024,59.0249,10,10,47.65983,48.02223,57.0113,51.16946,0,0,1,1.5,40,250,-0.4679737,120,7.444624,17.90599,19.04312,777.9047,19.04312,697.0931,19.04312,663.5714,26.11125,24.90931
E3J2BC1282,0,17,2024-03-18 15:23:21,4.970093,480.1,484.7,14.49703,13.91489,0,0,1.2,1.2,2,60.73354,319.6805,150.7043,119.401,59.43293,59.52059,10,10,49.26968,49.05925,51.72097,50.84538,0,0,1,1.5,40,250,-0.4679756,120,7.444619,18.41325,19.55037,776.9017,19.55037,697.1596,19.55037,663.4118,26.07356,24.90963
E3J2BC1282,0,18,2024-03-18 15:23:27,4.954598,480.8,484,14.92273,14.01237,0,0,1.2,1.2,2,60.42455,319.5124,149.487,119.7892,58.45358,60.11309,10,10,49.76803,49.59444,50.27984,50.29446,0,0,1,1.5,40,250,-0.4679737,120,7.444624,18.91286,20.04999,778.2361,20.04999,698.4554,20.04999,663.378,26.10619,24.91081
E3J2BC1282,0,19,2024-03-18 15:23:33,0,481.3,483.8,14.60954,14.0524,0,0,1.2,1.2,2,60.47203,318.7007,151.2941,119.9033,58.60445,60.12988,10,10,50.11721,51.98982,47.96694,50.19724,0,0,1,1.5,40,250,-0.4679775,120,7.444621,19.38999,20.52711,780.7989,20.52711,698.0804,20.52711,663.7454,26.0855,24.91063
E3J2BC1282,0,20,2024-03-18 15:23:57,4.795772,480.1,484.8,14.72388,13.84897,0,0,1.2,1.2,2,59.38717,321.6962,150.1744,120.8273,59.99992,60.49389,10,10,53.0418,47.55278,50.09921,46.41852,0,0,1,1.5,40,250,-0.4679718,120,7.444619,19.42415,20.56128,779.1198,20.56128,698.5598,20.56128,663.6342,25.89212,24.91262
E3J2BC1282,0,21,2024-03-18 15:24:03,4.970093,480.4,483.1,14.89126,14.07505,0,0,1.2,1.2,2,60.45353,320.9699,148.0273,119.1902,59.06206,58.57827,10,10,50.46474,50.50371,48.8371,49.6824,0,0,1,1.5,40,250,-0.4679775,120,7.444619,19.93363,21.07075,778.2272,21.07075,697.957,21.07075,664.1611,26.05919,24.91287
E3J2BC1282,0,22,2024-03-18 15:24:09,30.0065,474.6,482.5,15.82899,14.92126,0,0,1.2,1.2,2,59.23853,318.5131,144.8155,117.042,57.31709,57.91864,10,10,55.10984,53.43239,43.15079,52.34444,0,0,1,1.5,40,250,-0.4679756,120,7.445024,22.40156,23.53869,775.5584,23.53869,698.2133,23.53869,664.4948,25.9865,24.91306
E3J2BC1282,0,23,2024-03-18 15:29:53,4.939103,477.3,483.7,14.70699,13.24346,0,0,1.2,1.2,2,60.18339,320.1339,146.3427,116.9788,60.8347,60.13245,10,10,50.98197,50.8611,48.10967,50.51482,0,0,1,1.5,40,250,-0.4679756,120,7.789846,24.395,25.53212,781.1965,25.53212,259.976,25.53212,223.5989,25.87381,24.92188
E3J2BC1282,0,24,2024-03-18 15:29:59,4.970093,476.7,483.4,14.821,13.28869,0,0,1.2,1.2,2,60.25247,320.3386,149.2421,118.0851,62.6551,63.26406,10,10,50.27787,50.44261,48.75483,49.53983,0,0,1,1.5,40,250,-0.4679775,120,7.789851,24.89258,26.02971,781.0552,26.02971,258.1771,26.02971,223.2508,25.9875,24.92175
E3J2BC1282,0,25,2024-03-18 15:30:05,29.97551,477,481.9,14.75051,14.25173,0,0,1.2,1.2,2,58.79015,319.3807,145.6953,115.8985,64.33093,64.19348,10,10,54.42132,53.14445,43.7492,52.03056,0,0,1,1.5,40,250,-0.4679699,120,7.674766,27.38691,28.52403,782.5443,28.52403,259.9095,28.52403,224.0292,25.94838,24.92206
E3J2BC1282,0,26,2024-03-18 15:30:11,50.02246,486.2,497,13.39026,10.74062,0,0,1.2,1.2,2,59.19289,322.1057,145.3904,117.5654,63.44965,63.69392,10,10,48.29589,41.51852,67.35564,55.22502,0,0,1,1.5,40,250,-0.4679718,120,7.676725,30.87504,32.01217,782.3189,32.01217,260.8209,32.01217,224.7495,25.97419,24.92163
E3J2BC1282,0,27,2024-03-18 15:30:17,49.9721,473.7,501.2,14.24398,11.41186,0,0,1.2,1.2,2,59.07817,319.9462,149.0196,119.4345,65.56801,65.5592,10,10,52.4418,52.34352,43.27822,47.16389,0,0,1,1.5,40,250,-0.4679699,120,7.510391,35.94938,37.0865,780.1891,37.0865,262.5865,37.0865,226.5673,25.988,24.92131
E3J2BC1282,0,28,2024-03-18 15:30:23,70.01904,472.2,500.8,14.72533,11.66814,0,0,1.2,1.2,2,59.93238,321.9521,148.2648,117.5146,63.33775,63.72232,10,10,48.4459,42.60741,68.87499,56.35834,0,0,1,1.5,40,250,-0.4679756,120,7.742088,41.49327,42.6304,778.404,42.6304,264.6038,42.6304,228.2255,25.91788,24.92075
E3J2BC1282,0,29,2024-03-18 15:30:29,69.97256,468.7,499.7,14.46763,11.64321,0,0,1.2,1.2,2,59.12196,319.917,149.762,119.9901,65.32914,65.4185,10,10,52.14181,52.34352,43.74436,46.85741,0,0,1,1.5,40,250,-0.4679699,120,7.577622,48.57161,49.70874,777.5777,49.70874,266.6637,49.70874,230.4928,25.90812,24.92106
E3J2BC1282,0,30,2024-03-18 15:30:35,100.01,471,496.9,14.54517,12.36896,0,0,1.2,1.2,2,59.67704,320.7383,149.522,116.4678,62.41498,62.89488,10,10,50.40491,43.41296,70.61936,59.66946,0,0,1,1.5,40,250,-0.467968,120,7.525583,56.61703,57.75415,775.3331,57.75415,268.7996,57.75415,232.91,25.86538,24.92019
E3J2BC1282,0,31,2024-03-18 15:30:41,99.99455,474.3,496.2,14.21677,12.22831,0,0,1.2,1.2,2,58.62733,320.7456,149.0721,120.7243,65.18205,65.20035,10,10,52.97213,52.85185,41.82742,45.92871,0,0,1,1.5,40,250,-0.4679699,120,7.421323,66.74544,67.88256,774.3433,67.88256,271.8373,67.88256,235.8929,25.73413,24.92056
E3J2BC1282,0,32,2024-03-18 15:30:47,99.99455,475.2,497.1,14.24902,12.00558,0,0,1.2,1.2,2,59.87933,320.3971,150.4843,120.8968,64.76969,64.9112,10,10,51.35328,51.30647,47.80485,46.95093,0,0,1,1.5,40,250,-0.467968,120,7.214313,76.85256,77.98969,770.7819,77.98969,275.3307,77.98969,239.2141,25.72844,24.92038
E3J2BC1282,0,33,2024-03-18 15:30:53,99.97518,474.6,498,14.21682,11.98302,0,0,1.2,1.2,2,59.78744,320.0145,150.0219,120.4813,64.51071,64.69691,10,10,50.26968,50.66667,49.47338,47.8287,0,0,1,1.5,40,250,-0.4679718,120,7.141955,86.95841,88.09554,769.9335,88.09554,278.1263,88.09554,242.4387,25.71162,24.92025
E3J2BC1282,0,34,2024-03-18 15:30:59,99.97518,470.4,497.1,14.63435,12.28891,0,0,1.2,1.2,2,59.8596,320.0169,150.8467,120.0782,64.22408,64.56783,10,10,50.1623,50.29259,50.03548,48.42038,0,0,1,1.5,40,250,-0.4679737,120,7.177815,97.02571,98.16283,768.0778,98.16283,281.0074,98.16283,245.7986,25.72481,24.92069
E3J2BC1282,0,35,2024-03-18 15:31:05,99.99455,478.7,497.5,14.01912,11.7015,0,0,1.2,1.2,2,59.77387,320.2947,150.8842,119.7173,64.12978,64.54588,10,10,50.32214,50.15184,49.96049,48.78612,0,0,1,1.5,40,250,-0.4679737,120,7.222487,107.0939,108.231,765.5945,108.231,284.2255,108.231,249.1054,25.80425,24.92081
E3J2BC1282,0,36,2024-03-18 15:31:11,99.99455,477.8,498.2,14.03895,11.77855,0,0,1.2,1.2,2,59.74118,320.2631,148.8921,119.6453,64.11344,64.52394,10,10,50.21885,50.06944,49.95725,48.98241,0,0,1,1.5,40,250,-0.467968,120,7.232884,117.1347,118.2718,763.7519,118.2718,287.1683,118.2718,252.1753,25.74694,24.92075
E3J2BC1282,0,37,2024-03-18 15:31:17,99.99455,472.6,494.9,14.42868,12.61749,0,0,1.2,1.2,2,60.19265,319.4441,148.8971,119.6019,64.10087,64.49296,10,10,49.47131,50.08333,49.96854,49.22314,0,0,1,1.5,40,250,-0.4679737,120,7.368147,127.2159,128.353,765.0643,128.353,290.2819,128.353,255.6802,25.77081,24.92056
E3J2BC1282,0,38,2024-03-18 15:31:23,99.99455,480.8,495.2,14.05274,12.50131,0,0,1.2,1.2,2,60.49732,320.4288,150.5168,119.7396,64.0443,64.50587,10,10,49.70573,50.06853,49.99354,49.30556,0,0,1,1.5,40,250,-0.4679737,120,7.399097,137.3038,138.4409,764.048,138.4409,293.3434,138.4409,258.6196,25.79037,24.92019
E3J2BC1282,0,39,2024-03-18 15:31:30,99.99455,480.8,488.5,14.1659,13.36703,0,0,1.2,1.2,2,60.93151,319.6489,150.5393,119.6094,64.02167,64.47231,10,10,49.85165,50.03889,49.94195,49.48796,0,0,1,1.5,40,250,-0.4679718,120,7.397328,147.3852,148.5223,763.0184,148.5223,296.4048,148.5223,261.5154,25.78812,24.91956
E3J2BC1282,0,40,2024-03-18 15:31:36,99.99455,478.3,488.7,14.31205,13.30392,0,0,1.2,1.2,2,60.56948,320.1095,150.2419,119.6639,64.07572,64.47876,10,10,50.29017,50.02592,50.03709,49.60278,0,0,1,1.5,40,250,-0.4679737,120,7.397342,157.4597,158.5968,760.3849,158.5968,299.1055,158.5968,264.4741,25.809,24.92038
E3J2BC1282,0,41,2024-03-18 15:31:42,99.99455,478.2,489.1,14.31048,13.21508,0,0,1.2,1.2,2,60.23829,320.5385,150.6993,119.6143,64.13481,64.4865,10,10,49.95983,49.97221,50.07177,49.7037,0,0,1,1.5,40,250,-0.4679718,120,7.350575,167.6208,168.758,759.214,168.758,301.792,168.758,267.4763,26.20288,24.9195
E3J2BC1282,0,42,2024-03-18 15:31:48,99.97518,477.9,488.2,14.37426,13.44387,0,0,1.2,1.2,2,60.46155,319.7293,150.1019,119.6801,64.15996,64.42197,10,10,50.21558,49.96205,50.05645,49.79814,0,0,1,1.5,40,250,-0.4679737,120,7.386137,177.6958,178.8329,756.4258,178.8329,305.0813,178.8329,270.6138,26.18206,24.91969
E3J2BC1282,0,43,2024-03-18 15:31:54,99.97518,477.9,488.3,14.35348,13.24497,0,0,1.2,1.2,2,60.27282,319.5855,150.5268,119.6379,64.18133,64.40131,10,10,49.45573,49.97313,50.05805,49.875,0,0,1,1.5,40,250,-0.4679737,120,7.386164,187.7571,188.8942,757.0356,188.8942,308.3183,188.8942,273.9254,26.19406,24.91975
E3J2BC1282,0,44,2024-03-18 15:32:00,99.97518,479,488.7,14.40165,13.3039,0,0,1.2,1.2,2,59.79422,319.6708,150.5393,119.6974,64.20522,64.32257,10,10,49.52377,50.00926,50.0379,49.91483,0,0,1,1.5,40,250,-0.4679737,120,7.386164,197.8252,198.9623,755.9177,198.9623,310.9384,198.9623,276.8744,26.24425,24.91912
E3J2BC1282,0,45,2024-03-18 15:32:06,99.97518,482.7,491.2,13.88414,12.46431,0,0,1.2,1.2,2,60.12788,319.527,150.3518,119.7855,64.25173,64.35226,10,10,49.80738,49.97685,50.01209,49.92131,0,0,1,1.5,40,250,-0.467968,120,7.245577,207.8931,209.0302,754.6982,209.0302,313.5869,209.0302,279.6784,26.19281,24.91987
E3J2BC1282,0,46,2024-03-18 15:32:12,99.97518,477.5,484.4,14.7746,14.50282,0,0,1.2,1.2,2,59.74673,319.4514,150.5793,119.8512,64.18007,64.29804,10,10,49.97294,49.96944,49.99436,49.91483,0,0,1,1.5,40,250,-0.467968,120,7.245479,217.9942,219.1313,753.2754,219.1313,316.2354,219.1313,282.434,26.23956,24.91937
E3J2BC1282,0,47,2024-03-18 15:32:18,99.99455,479,484.9,14.4576,13.81063,0,0,1.2,1.2,2,60.17168,319.9584,149.2596,119.8252,64.18384,64.2903,10,10,50.00327,50.07036,49.9871,49.92131,0,0,1,1.5,40,250,-0.467968,120,7.245474,228.116,229.2531,752.3652,229.2531,318.9408,229.2531,285.1316,26.24713,24.91975
E3J2BC1282,0,48,2024-03-18 15:32:24,99.99455,484,489.3,13.9706,12.63666,0,0,1.2,1.2,2,59.56911,319.5782,150.5293,119.8326,64.15367,64.27997,10,10,50.37623,49.98055,49.98951,49.91852,0,0,1,1.5,40,250,-0.467968,120,7.245481,238.2042,239.3414,749.2191,239.3414,321.5181,239.3414,288.1435,26.19425,24.91975
E3J2BC1282,0,49,2024-03-18 15:32:30,99.97518,480.8,486.3,14.24234,13.18333,0,0,1.2,1.2,2,59.74118,319.5684,150.4568,119.8351,64.12727,64.23221,10,10,50.13361,50.01945,49.97984,49.87038,0,0,1,1.5,40,250,-0.4679661,120,7.245479,248.392,249.5291,747.8582,249.5291,324.385,249.5291,290.6236,26.19425,24.91969
E3J2BC1282,0,50,2024-03-18 15:32:36,99.97518,479.9,486.2,14.20167,13.45331,0,0,1.2,1.2,2,59.96321,319.4222,151.0342,119.8214,64.03801,64.21413,10,10,50.60409,49.93703,50.10726,50.00371,0,0,1,1.5,40,250,-0.4679661,120,7.245472,258.5267,259.6638,744.0626,259.6638,326.63,259.6638,293.2438,26.20044,24.92019
E3J2BC1282,0,51,2024-03-18 15:32:42,99.97518,482.2,487.8,14.00553,12.80149,0,0,1.2,1.2,2,60.19141,319.5148,150.4693,119.8835,64.08829,64.20639,10,10,49.52787,50.00462,50.00887,49.94261,0,0,1,1.5,40,250,-0.4679699,120,7.288118,268.5884,269.7255,744.9243,269.7255,329.3497,269.7255,296.0816,26.21581,24.92013
E3J2BC1282,0,52,2024-03-18 15:32:48,99.97518,484.1,488.2,13.83802,12.88201,0,0,1.2,1.2,2,60.64226,319.6805,151.4766,119.9405,64.03298,64.16896,10,10,50.05738,50.04167,49.9887,49.96019,0,0,1,1.5,40,250,-0.4679718,120,7.462272,278.6632,279.8003,743.0198,279.8003,332.0837,279.8003,298.4698,26.17131,24.9195
E3J2BC1282,0,53,2024-03-18 15:32:54,99.97518,482.5,489.3,14.07988,12.6068,0,0,1.2,1.2,2,60.29934,319.6294,150.7992,119.9083,64.03298,64.1496,10,10,50.09589,49.97963,50.05968,49.98427,0,0,1,1.5,40,250,-0.4679737,120,7.462489,288.7579,289.895,740.9121,289.895,335.2211,289.895,301.4575,26.19062,24.91987
E3J2BC1282,0,54,2024-03-18 15:33:01,99.97518,482.7,486.9,14.15538,13.46177,0,0,1.2,1.2,2,60.52137,319.6927,150.8492,119.9256,64.0267,64.20897,10,10,50.12623,49.98149,50.06774,50.04167,0,0,1,1.5,40,250,-0.4679718,120,7.462501,298.8593,299.9964,739.0121,299.9964,338.0927,299.9964,304.4259,26.20469,24.92019
E3J2BC1282,0,55,2024-03-18 15:33:07,99.97518,482.5,486.6,14.07118,13.07227,0,0,1.2,1.2,2,60.67988,319.817,150.7817,119.8376,63.98647,64.25415,10,10,50.05245,49.96852,50.08628,50.04167,0,0,1,1.5,40,250,-0.4679737,120,7.462501,308.9676,310.1047,737.3994,310.1047,340.9832,310.1047,307.0655,26.183,24.92038
E3J2BC1282,0,56,2024-03-18 15:33:13,99.97518,483.1,487.5,14.02019,13.1521,0,0,1.2,1.2,2,60.3456,320.0413,150.4743,120.0311,63.96258,64.22833,10,10,49.82294,50.00371,49.94598,49.98056,0,0,1,1.5,40,250,-0.4679699,120,7.462501,319.0226,320.1597,736.5289,320.1597,343.3232,320.1597,309.8404,26.1755,24.91962
E3J2BC1282,0,57,2024-03-18 15:33:19,99.97518,483.2,486.9,13.94008,13.08617,0,0,1.2,1.2,2,60.48992,319.9998,150.7118,119.9021,63.88589,64.22188,10,10,50.1836,49.97868,49.98307,49.9852,0,0,1,1.5,40,250,-0.467968,120,7.497248,329.1241,330.2612,734.2975,330.2612,346.1189,330.2612,312.4414,26.20444,24.9195
E3J2BC1282,0,58,2024-03-18 15:33:25,99.97518,483,487.4,14.06859,13.12913,0,0,1.2,1.2,2,60.51891,319.9974,150.1144,120.0211,63.83937,64.19477,10,10,49.85246,49.98241,50.02096,50.02408,0,0,1,1.5,40,250,-0.4679718,120,7.533207,339.199,340.3362,733.3387,340.3362,347.8845,340.3362,314.67,26.17125,24.92012
E3J2BC1282,0,59,2024-03-18 15:33:31,99.97518,483.8,487.3,13.99768,12.93493,0,0,1.2,1.2,2,60.68913,319.7878,150.5393,119.9529,63.77526,64.19607,10,10,49.55,49.98241,50.0129,49.97408,0,0,1,1.5,40,250,-0.4679718,120,7.533393,349.2607,350.3978,733.564,350.3978,350.6992,350.3978,317.2806,26.24425,24.91944
E3J2BC1282,0,60,2024-03-18 15:33:37,99.97518,483.1,487.3,14.01561,13.08606,0,0,1.2,1.2,2,60.2426,319.9901,150.6518,120.0211,63.75137,64.17412,10,10,49.82786,50.02315,50.01693,49.95834,0,0,1,1.5,40,250,-0.467968,120,7.5334,359.3557,360.4929,731.9247,360.4929,353.1008,360.4929,319.7849,26.24144,24.92013
E3J2BC1282,0,61,2024-03-18 15:33:43,99.97518,484.2,487.6,13.98166,13.0838,0,0,1.2,1.2,2,60.23705,320.1071,149.6645,119.9678,63.78028,64.14443,10,10,49.57377,49.99074,50.01855,50.01668,0,0,1,1.5,40,250,-0.4679642,120,7.458086,369.4571,370.5942,731.8584,370.5942,355.4788,370.5942,322.1586,26.24662,24.91937
E3J2BC1282,0,62,2024-03-18 15:33:49,99.97518,482.8,487.9,14.02077,12.86274,0,0,1.2,1.2,2,59.95211,320.5092,149.3645,119.9976,63.72497,64.11861,10,10,50.18688,49.96388,50.05,50,0,0,1,1.5,40,250,-0.4679661,120,7.458079,379.5388,380.6759,729.3663,380.6759,358.2032,380.6759,324.861,26.19425,24.92013
E3J2BC1282,0,63,2024-03-18 15:33:55,99.97518,484.2,487.7,13.92302,12.94684,0,0,1.2,1.2,2,60.22533,319.5465,149.397,119.8735,63.71365,64.09409,10,10,50.29426,49.99074,50.00483,50.03426,0,0,1,1.5,40,250,-0.4679661,120,7.458079,389.6072,390.7443,726.8566,390.7443,360.5147,390.7443,327.433,26.24756,24.91969
E3J2BC1282,0,64,2024-03-18 15:34:01,99.97518,483.6,486.5,13.93287,13.30761,0,0,1.2,1.2,2,60.41653,320.0413,149.2946,119.9616,63.67217,64.05665,10,10,49.85819,50.02498,49.92419,49.96112,0,0,1,1.5,40,250,-0.467968,120,7.458093,399.6689,400.806,725.9022,400.806,363.2487,400.806,330.0822,26.22056,24.91975
E3J2BC1282,0,65,2024-03-18 15:34:07,99.97518,483.6,486.5,13.95608,13.32288,0,0,1.2,1.2,2,59.90092,319.9633,149.8969,119.9963,63.59925,64.04762,10,10,49.97541,50.02779,49.98307,49.97408,0,0,1,1.5,40,250,-0.4679642,120,7.458088,409.7507,410.8878,724.1789,410.8878,365.2375,410.8878,332.485,26.25875,24.92031
E3J2BC1282,0,66,2024-03-18 15:34:13,99.97518,484.2,487.5,13.86491,12.97647,0,0,1.2,1.2,2,59.66347,320.0071,150.7992,120.0807,63.65079,63.98824,10,10,50.38934,50.02779,49.9871,49.99629,0,0,1,1.5,40,250,-0.4679699,120,7.458086,419.7989,420.936,721.6205,420.936,367.5727,420.936,334.8297,26.24725,24.91962
E3J2BC1282,0,67,2024-03-18 15:34:19,99.97518,484.6,485.4,14.00397,13.51005,0,0,1.2,1.2,2,60.10445,319.7902,150.9317,120.0162,63.59422,63.95855,10,10,49.7082,50.03703,49.98226,49.94817,0,0,1,1.5,40,250,-0.467968,120,7.458088,429.854,430.9912,721.5189,430.9912,370.2402,430.9912,337.1695,26.27125,24.9195
E3J2BC1282,0,68,2024-03-18 15:34:25,99.97518,484.5,486,14.02346,13.49333,0,0,1.2,1.2,2,60.03291,320.2655,150.5318,120.0311,63.59171,63.93402,10,10,49.94181,50.02498,49.9887,49.98334,0,0,1,1.5,40,250,-0.467968,120,7.41979,439.909,441.0462,719.504,441.0462,373.126,441.0462,339.8719,26.24713,24.91969
E3J2BC1282,0,69,2024-03-18 15:34:31,99.97518,485.1,487.7,13.935,12.92022,0,0,1.2,1.2,2,59.46734,319.6269,151.3891,120.0534,63.56405,63.90562,10,10,50.14835,50.04723,50.00323,49.9926,0,0,1,1.5,40,250,-0.4679642,120,7.421464,449.9775,451.1147,717.7587,451.1147,375.2429,451.1147,342.12,26.27113,24.91944
E3J2BC1282,0,70,2024-03-18 15:34:37,99.97518,484.3,487,13.95801,12.86027,0,0,1.2,1.2,2,59.90894,319.6635,150.7817,120.0149,63.56405,63.91079,10,10,50.00082,49.9713,50.09194,50.01205,0,0,1,1.5,40,250,-0.4679642,120,7.421466,460.0591,461.1962,716.2607,461.1962,377.2886,461.1962,344.8418,26.23069,24.92088
E3J2BC1282,0,71,2024-03-18 15:34:43,99.95969,484.2,486.2,14.06769,13.42815,0,0,1.2,1.2,2,60.63547,320.3898,150.0869,119.9182,63.53891,63.85011,10,10,49.46229,50.0139,50.07903,50.07317,0,0,1,1.5,40,250,-0.4679642,120,7.378897,470.1407,471.2778,716.4375,471.2778,379.4625,471.2778,346.6788,26.24769,24.91931
E3J2BC1282,0,72,2024-03-18 15:34:49,99.97518,484.9,487.4,13.8827,12.87202,0,0,1.2,1.2,2,59.661,320.2947,149.9369,120.0261,63.47227,63.83591,10,10,50.52622,50.05647,50.02903,50.07408,0,0,1,1.5,40,250,-0.4679623,120,7.287405,480.2026,481.3397,712.1956,481.3397,381.774,481.3397,349.304,26.23881,24.92175
E3J2BC1282,0,73,2024-03-18 15:34:56,99.97518,485.4,486.6,13.85958,12.97645,0,0,1.2,1.2,2,60.08286,320.5921,148.9546,119.974,63.43456,63.79977,10,10,49.84098,50.05,49.94677,50.01761,0,0,1,1.5,40,250,-0.4679604,120,7.287248,490.2776,491.4147,711.7228,491.4147,384.0475,491.4147,351.6873,26.22787,24.92
E3J2BC1282,0,74,2024-03-18 15:35:02,99.99455,485.4,487.6,13.88106,12.83444,0,0,1.2,1.2,2,60.36842,320.5092,149.457,119.8388,63.40313,63.76234,10,10,49.74262,50.03889,49.94515,50.02037,0,0,1,1.5,40,250,-0.4679623,120,7.287248,500.3327,501.4698,710.2338,501.4698,385.9888,501.4698,354.061,26.25606,24.91969
E3J2BC1282,0,75,2024-03-18 15:35:08,83.02728,485.6,487.2,13.90837,12.86764,0,0,1.2,1.2,2,59.88242,317.2847,152.3314,121.4375,64.84386,64.99639,10,10,53.38033,61.52223,32.84921,46.30556,0,0,1,1.5,40,250,-0.4679661,120,7.248087,510.1954,511.3326,705.9124,511.3326,388.3051,511.3326,356.4637,26.24219,24.91987
E3J2BC1282,0,76,2024-03-18 15:35:14,7.507436,495.4,489.9,12.91312,11.84908,0,0,1.2,1.2,2,63.33191,318.2791,143.6957,128.0059,67.00748,67.0127,10,10,42.72378,55.95369,34.64677,34.12038,0,0,1,1.5,40,250,-0.4679604,120,7.247961,514.5695,515.7066,704.3349,515.7066,390.3271,515.7066,357.8174,26.54462,24.92069
E3J2BC1282,0,77,2024-03-18 15:35:20,4.954598,500.1,490.8,12.70956,11.44616,0,0,1.2,1.2,2,62.9008,320.0071,152.9663,117.3273,61.8945,61.85058,10,10,43.26066,44.16388,67.54435,56.71761,0,0,1,1.5,40,250,-0.4679623,120,7.247963,515.0295,516.1666,704.2908,516.1666,389.4015,516.1666,358.47,26.71894,24.92044
E3J2BC1282,0,78,2024-03-18 15:35:26,4.939103,499.8,491.9,12.55088,11.12351,0,0,1.2,1.2,2,60.58922,319.4002,150.2069,117.0148,61.75244,63.45641,10,10,48.22213,47.15184,55.02016,54.75279,0,0,1,1.5,40,250,-0.4679623,120,7.247968,515.5447,516.6818,704.1229,516.6818,391.6228,516.6818,357.8271,26.69306,24.92006
E3J2BC1282,0,79,2024-03-18 15:35:32,4.970093,499.1,490.8,12.70437,11.37293,0,0,1.2,1.2,2,59.9885,319.8926,151.0017,117.9809,62.60859,63.3299,10,10,49.49836,48.50371,51.325,53.33241,0,0,1,1.5,40,250,-0.4679642,120,7.247961,516.0465,517.1837,703.2214,517.1837,390.8207,517.1837,358.8616,26.70787,24.92025
E3J2BC1282,0,80,2024-03-18 15:35:38,4.989462,499.6,490.1,12.89543,11.35933,0,0,1.2,1.2,2,59.77819,319.9511,148.2148,118.7896,63.45845,63.54418,10,10,49.85902,49.32036,50.19274,52.38148,0,0,1,1.5,40,250,-0.4679623,120,7.247958,516.5453,517.6825,700.4244,517.6825,390.7732,517.6825,359.0888,26.66925,24.91981
E3J2BC1282,0,81,2024-03-18 15:35:44,4.989462,499.6,490.4,12.74174,11.51524,0,0,1.2,1.2,2,59.79114,319.9389,149.1246,119.1616,62.2352,63.9082,10,10,50.01311,49.62038,50.05726,51.81575,0,0,1,1.5,40,250,-0.4679604,120,7.24797,517.0427,518.1799,701.127,518.1799,392.4677,518.1799,358.6924,26.7035,24.92019
E3J2BC1282,0,82,2024-03-18 15:35:50,5.004957,499.6,491.4,12.69134,11.3005,0,0,1.2,1.2,2,59.81519,320.4727,151.5141,119.5027,64.1235,63.51836,10,10,50.03361,49.87129,49.98144,51.46576,0,0,1,1.5,40,250,-0.4679623,120,7.247958,517.5411,518.6782,702.4084,518.6782,390.7162,518.6782,359.5965,26.64725,24.92081
E3J2BC1282,0,83,2024-03-18 15:35:56,5.004957,499.3,491.2,12.46588,11.43215,0,0,1.2,1.2,2,59.89105,320.5287,149.302,119.6937,62.83488,64.0928,10,10,50.0041,49.91203,50.08871,51.16852,0,0,1,1.5,40,250,-0.4679661,120,7.247963,518.0392,519.1763,702.6161,519.1763,392.8521,519.1763,358.8616,26.68881,24.92025
E3J2BC1282,0,84,2024-03-18 15:36:02,5.004957,499.8,491.4,12.76137,11.34749,0,0,1.2,1.2,2,59.58329,320.0803,149.4645,119.8091,63.45719,63.56225,10,10,50.00573,49.96944,49.91048,50.92685,0,0,1,1.5,40,250,-0.4679642,120,7.247968,518.5375,519.6746,702.1875,519.6746,391.7605,519.6746,359.7995,26.62162,24.92006
E3J2BC1282,0,85,2024-03-18 15:36:08,4.970093,499.5,491.6,12.92813,11.41323,0,0,1.2,1.2,2,59.65113,320.2143,150.5268,120.0025,63.87332,63.91466,10,10,50.00163,50.02223,49.99274,50.76852,0,0,1,1.5,40,250,-0.4679623,120,7.247965,519.035,520.1721,701.5247,520.1721,391.6133,520.1721,359.6931,26.56394,24.9205
E3J2BC1282,0,86,2024-03-18 15:36:14,4.970093,498.9,491.7,12.78694,11.34093,0,0,1.2,1.2,2,60.1396,319.856,150.4268,120.01,62.4439,63.98824,10,10,49.99017,49.89259,50.09678,50.56853,0,0,1,1.5,40,250,-0.4679623,120,7.247968,519.5338,520.6708,702.4924,520.6708,392.6765,520.6708,359.4466,26.59888,24.92012
E3J2BC1282,0,87,2024-03-18 15:36:20,20.01595,492.5,495.1,13.5102,10.67965,0,0,1.2,1.2,2,58.62363,318.9957,143.9331,118.3133,62.94426,63.1324,10,10,52.95081,51.83888,46.95808,52.68056,0,0,1,1.5,40,250,-0.4679604,120,7.247965,521.1169,522.254,704.8298,522.254,392.1497,522.254,359.9881,26.50744,24.92019
E3J2BC1282,0,88,2024-03-18 15:36:26,20.00046,493.4,492.9,13.06976,11.31693,0,0,1.2,1.2,2,59.27677,319.6245,148.2523,120.3535,63.75514,64.05795,10,10,50.86393,50.94817,47.26452,49.09076,0,0,1,1.5,40,250,-0.4679623,120,7.247963,523.1225,524.2596,703.4335,524.2596,392.4297,524.2596,360.4328,26.52606,24.9205
E3J2BC1282,0,89,2024-03-18 15:36:32,49.9721,489.3,491.8,13.75776,11.75817,0,0,1.2,1.2,2,58.3868,318.6349,151.2891,116.6836,61.96239,62.34369,10,10,55.93688,53.73982,50.01693,57.49817,0,0,1,1.5,40,250,-0.4679642,120,7.247958,526.9885,528.1256,704.1052,528.1256,393.3885,528.1256,361.0033,26.47275,24.92
E3J2BC1282,0,90,2024-03-18 15:36:38,49.9721,485.7,492.3,13.99783,11.82306,0,0,1.2,1.2,2,58.50459,320.3849,149.2421,121.5181,64.33596,64.33289,10,10,52.16639,52.05464,44.03226,47.20834,0,0,1,1.5,40,250,-0.4679604,120,7.24797,532.0289,533.166,703.4114,533.166,394.8077,533.166,362.2699,26.39962,24.92069
E3J2BC1282,0,91,2024-03-18 15:36:44,49.98759,486,492.8,13.86781,11.78784,0,0,1.2,1.2,2,59.12875,320.2704,150.4018,121.4053,63.99149,64.03471,10,10,50.52212,51.09074,48.23386,48.19446,0,0,1,1.5,40,250,-0.4679623,120,7.247963,537.0612,538.1984,703.0093,538.1984,395.6905,538.1984,363.4592,26.3865,24.92013
E3J2BC1282,0,92,2024-03-18 15:36:50,91.71236,481.9,491.8,14.10363,12.18219,0,0,1.2,1.2,2,59.4143,321.2063,148.7197,115.9407,60.29662,60.88115,10,10,51.59344,42.54445,71.9129,62.5815,0,0,1,1.5,40,250,-0.4679661,120,7.278744,543.6619,544.7991,700.7382,544.7991,396.7774,544.7991,364.8177,26.29525,24.921
E3J2BC1282,0,93,2024-03-18 15:36:56,99.99455,479.7,483.1,14.52276,13.53189,0,0,1.2,1.2,2,57.41726,320.5263,148.8496,121.7686,64.89164,64.78857,10,10,55.43195,54.43703,36.38467,45.8315,0,0,1,1.5,40,250,-0.467968,120,7.334457,553.7526,554.8898,698.8868,554.8898,398.7899,554.8898,366.969,26.17144,24.92
E3J2BC1282,0,94,2024-03-18 15:37:03,99.97518,483.1,486.6,13.84645,12.16475,0,0,1.2,1.2,2,59.40752,320.8943,149.8619,122.0589,64.02418,64.13152,10,10,51.20164,52.12962,45.82177,46.40463,0,0,1,1.5,40,250,-0.467968,120,7.333122,563.8032,564.9404,698.0472,564.9404,401.0208,564.9404,369.1445,26.15119,24.91981
E3J2BC1282,0,95,2024-03-18 15:37:09,99.99455,479.8,482.9,14.26469,13.64682,0,0,1.2,1.2,2,59.82198,320.6092,150.2044,121.3135,63.71114,63.83333,10,10,50.17704,51.07317,48.79758,47.58426,0,0,1,1.5,40,250,-0.467968,120,7.333122,573.895,575.0321,696.5449,575.0321,403.2848,575.0321,371.378,26.10488,24.92044
E3J2BC1282,0,96,2024-03-18 15:37:15,99.99455,481,483.4,14.11628,13.64873,0,0,1.2,1.2,2,59.88612,320.1973,150.1944,120.7938,63.47982,63.65649,10,10,50.40083,50.53426,49.73386,48.18149,0,0,1,1.5,40,250,-0.4679661,120,7.333119,583.9828,585.1199,693.4961,585.1199,405.4492,585.1199,373.6405,26.17119,24.9195
E3J2BC1282,0,97,2024-03-18 15:37:21,99.99455,481.2,482.8,14.25239,13.55304,0,0,1.2,1.2,2,60.36965,319.9876,150.0069,120.5743,63.36164,63.54547,10,10,49.65327,50.26945,49.88549,48.5352,0,0,1,1.5,40,250,-0.4679661,120,7.333131,594.0779,595.215,693.4651,595.215,407.4474,595.215,375.9078,26.16388,24.9205
E3J2BC1282,0,98,2024-03-18 15:37:27,99.99455,479.1,484.4,14.56834,13.17206,0,0,1.2,1.2,2,60.48499,320.2533,150.9592,120.3448,63.2221,63.49642,10,10,49.7418,50.12038,49.96128,48.8389,0,0,1,1.5,40,250,-0.4679642,120,7.301707,604.1666,605.3037,692.0865,605.3037,409.9203,605.3037,378.0495,26.12313,24.92069
E3J2BC1282,0,99,2024-03-18 15:37:33,99.99455,481.7,485.5,14.20771,12.96439,0,0,1.2,1.2,2,60.63362,319.973,150.8342,120.1662,63.13284,63.43059,10,10,49.87623,50.10368,49.95081,49.06111,0,0,1,1.5,40,250,-0.4679623,120,7.240131,614.2352,615.3724,690.3545,615.3724,411.8521,615.3724,380.225,26.148,24.92019
E3J2BC1282,0,100,2024-03-18 15:37:39,99.99455,483,483.3,14.11248,13.6859,0,0,1.2,1.2,2,60.28886,319.7122,150.2494,120.0373,63.09386,63.41122,10,10,50.57458,50.02037,49.9871,49.2787,0,0,1,1.5,40,250,-0.4679604,120,7.240146,624.3038,625.4409,686.497,625.4409,413.9975,625.4409,382.4295,26.10413,24.92013
E3J2BC1282,0,101,2024-03-18 15:37:45,99.99455,482.6,483.7,14.20527,13.4592,0,0,1.2,1.2,2,60.4671,320.4678,149.0371,119.9095,63.04986,63.39315,10,10,50.15902,50.04259,49.99354,49.46667,0,0,1,1.5,40,250,-0.4679604,120,7.240141,634.379,635.5162,685.0654,635.5162,416.1191,635.5162,384.5035,26.14919,24.92019
E3J2BC1282,0,102,2024-03-18 15:37:51,99.99455,480,486,14.30536,12.87972,0,0,1.2,1.2,2,60.57688,319.8097,148.8521,119.8847,63.06746,63.35056,10,10,50.15327,49.99165,50.04678,49.61575,0,0,1,1.5,40,250,-0.4679623,120,7.240131,644.461,645.5981,683.2184,645.5981,418.2408,645.5981,386.7998,26.13331,24.91994
E3J2BC1282,0,103,2024-03-18 15:37:57,99.97518,482.4,484.3,14.21463,13.19999,0,0,1.2,1.2,2,60.46278,319.9243,149.3145,119.8413,62.98071,63.32344,10,10,49.28526,49.96205,50.03226,49.73149,0,0,1,1.5,40,250,-0.4679604,120,7.240134,654.5298,655.6669,684.2214,655.6669,420.1868,655.6669,388.8738,26.17219,24.92094
E3J2BC1282,0,104,2024-03-18 15:38:03,99.97518,485,484.8,13.87876,13.31761,0,0,1.2,1.2,2,59.87872,319.8536,149.8944,119.8797,62.97946,63.31828,10,10,50.39344,49.98891,49.98629,49.76111,0,0,1,1.5,40,250,-0.4679623,120,7.240148,664.5652,665.7023,680.395,665.7023,422.5031,665.7023,390.9429,26.129,24.9205
E3J2BC1282,0,105,2024-03-18 15:38:09,99.99455,485.7,484.4,13.86344,13.24452,0,0,1.2,1.2,2,60.35732,319.4636,150.0994,119.7929,62.94174,63.30666,10,10,50.25573,49.96944,49.94355,49.77779,0,0,1,1.5,40,250,-0.4679585,120,7.240143,674.6469,675.7839,678.2519,675.7839,424.5345,675.7839,393.1426,26.18344,24.92075
E3J2BC1282,0,106,2024-03-18 15:38:15,99.99455,485.3,484.5,14.0132,13.2972,0,0,1.2,1.2,2,60.47203,319.856,150.5318,119.8301,62.9694,63.2731,10,10,50.11884,49.9926,49.97257,49.78612,0,0,1,1.5,40,250,-0.4679661,120,7.270912,684.7353,685.8724,676.6965,685.8724,426.8792,685.8724,395.2359,26.18538,24.92044
E3J2BC1282,0,107,2024-03-18 15:38:21,99.99455,482.9,484.3,14.23055,13.37594,0,0,1.2,1.2,2,59.59624,319.6391,150.7243,119.8934,62.91785,63.2731,10,10,50.0041,50.03612,50.0379,49.8139,0,0,1,1.5,40,250,-0.4679642,120,7.270922,694.7972,695.9343,675.0087,695.9343,429.148,695.9343,397.0779,26.143,24.92081
E3J2BC1282,0,108,2024-03-18 15:38:27,99.97518,482.7,483.7,14.25998,13.41651,0,0,1.2,1.2,2,60.08039,319.4368,150.6518,119.8363,62.89774,63.23954,10,10,50.03278,49.96761,50.04758,49.90741,0,0,1,1.5,40,250,-0.4679642,120,7.270922,704.9523,706.0895,673.2324,706.0895,430.9612,706.0895,399.2872,26.1685,24.92044
E3J2BC1282,0,109,2024-03-18 15:38:33,99.99455,483.3,484.2,14.27939,13.35117,0,0,1.2,1.2,2,60.72552,320.1022,149.532,119.8475,62.84242,63.22663,10,10,49.71722,49.97408,49.9887,49.89723,0,0,1,1.5,40,250,-0.4679642,120,7.270917,715.0342,716.1714,672.5784,716.1714,432.9404,716.1714,401.424,26.17156,24.92088
E3J2BC1282,0,110,2024-03-18 15:38:39,99.99455,486.2,489,13.93081,12.39393,0,0,1.2,1.2,2,60.16736,320.6506,149.497,119.8661,62.79214,63.19436,10,10,49.90083,49.9861,50.01936,49.95834,0,0,1,1.5,40,250,-0.4679642,120,7.270917,725.1095,726.2466,670.6961,726.2466,434.782,726.2466,403.6285,26.17175,24.92038
E3J2BC1282,0,111,2024-03-18 15:38:46,99.97518,486.5,488.4,13.87437,12.37918,0,0,1.2,1.2,2,60.3752,319.9974,149.717,119.9107,62.85248,63.16854,10,10,50.15327,49.9287,50.01209,49.92685,0,0,1,1.5,40,250,-0.4679642,120,7.270922,735.1978,736.335,668.0538,736.335,436.9512,736.335,405.8427,26.15487,24.92025
E3J2BC1282,0,112,2024-03-18 15:38:52,99.97518,484.7,484.1,14.17039,13.31969,0,0,1.2,1.2,2,60.08533,319.5172,149.742,119.9418,62.83111,63.13369,10,10,50.28278,49.97868,50.04919,49.99629,0,0,1,1.5,40,250,-0.4679661,120,7.270919,745.2863,746.4235,665.3982,746.4235,438.9779,746.4235,407.6943,26.17175,24.91969
E3J2BC1282,0,113,2024-03-18 15:38:58,99.99455,484.3,488,13.99214,12.3707,0,0,1.2,1.2,2,59.7455,319.7244,149.2596,119.9343,62.76825,63.11433,10,10,50.03361,49.99352,49.96452,49.99629,0,0,1,1.5,40,250,-0.4679604,120,7.270917,755.3217,756.4589,664.3864,756.4589,440.9524,756.4589,409.7393,26.17969,24.9205
E3J2BC1282,0,114,2024-03-18 15:39:04,99.97518,484.4,487.7,14.15911,12.41521,0,0,1.2,1.2,2,59.56109,319.9145,150.6543,119.907,62.76196,63.14014,10,10,49.67786,49.97777,50.00483,49.95741,0,0,1,1.5,40,250,-0.4679661,120,7.270914,765.4101,766.5472,663.7986,766.5472,443.0551,766.5472,411.6875,26.11031,24.92013
E3J2BC1282,0,115,2024-03-18 15:39:10,99.97518,485.8,484.9,14.08622,13.08353,0,0,1.2,1.2,2,60.40234,320.2533,150.8167,119.9058,62.75316,63.06915,10,10,50.21558,50.00835,49.95242,49.92409,0,0,1,1.5,40,250,-0.4679585,120,7.233568,775.472,776.6091,661.205,776.6091,444.8255,776.6091,413.7132,26.17262,24.92
E3J2BC1282,0,116,2024-03-18 15:39:16,99.99455,486.1,487.6,13.98294,12.35316,0,0,1.2,1.2,2,60.40481,319.7147,150.1169,119.979,62.69156,63.03688,10,10,49.80164,50.0139,49.91692,49.9389,0,0,1,1.5,40,250,-0.4679585,120,7.233562,785.5538,786.691,660.6349,786.691,447.0848,786.691,415.6469,26.17219,24.92019
E3J2BC1282,0,117,2024-03-18 15:39:22,99.99455,482.7,484.9,14.44311,13.36575,0,0,1.2,1.2,2,60.59415,319.4856,148.6347,119.9231,62.69282,63.02655,10,10,49.84835,49.99629,50.02338,49.95,0,0,1,1.5,40,250,-0.4679585,120,7.233554,795.6155,796.7526,659.654,796.7526,449.1447,796.7526,417.2858,26.1715,24.92019
E3J2BC1282,0,118,2024-03-18 15:39:28,99.99455,482.9,481.2,14.43608,13.95953,0,0,1.2,1.2,2,60.74464,320.2119,149.1921,119.9715,62.6463,63.00848,10,10,49.64918,49.97408,50.04356,49.98056,0,0,1,1.5,40,250,-0.4679585,120,7.233554,805.7109,806.848,659.2254,806.848,451.404,806.848,419.4758,26.17287,24.9205
E3J2BC1282,0,119,2024-03-18 15:39:34,99.97518,482.6,482.1,14.42308,13.84934,0,0,1.2,1.2,2,60.4856,319.8219,149.4395,119.943,62.68025,62.97104,10,10,49.88114,49.97685,50.0129,50.01575,0,0,1,1.5,40,250,-0.4679585,120,7.191599,815.7732,816.9103,657.7098,816.9103,453.0083,816.9103,421.5546,26.14244,24.92056
E3J2BC1282,0,120,2024-03-18 15:39:40,99.97518,487,489.4,13.84998,12.45381,0,0,1.2,1.2,2,60.61635,320.1875,150.4743,119.9827,62.6287,62.9775,10,10,49.60737,50.00279,50.03469,50.02779,0,0,1,1.5,40,250,-0.4679565,120,7.173311,825.875,827.0121,656.8084,827.0121,454.7408,827.0121,423.6624,26.17556,24.91975
E3J2BC1282,0,121,2024-03-18 15:39:46,99.97518,485.9,489.7,13.98143,12.459,0,0,1.2,1.2,2,60.15749,319.3881,150.8192,119.8487,62.59727,62.95039,10,10,49.78278,49.96574,50.01049,50.02223,0,0,1,1.5,40,250,-0.4679585,120,7.16077,836.0432,837.1803,655.5668,837.1803,457.0523,837.1803,425.5092,26.17569,24.92069
E3J2BC1282,0,122,2024-03-18 15:39:52,99.99455,486.4,490.2,13.91883,12.32252,0,0,1.2,1.2,2,60.53679,319.8877,148.9546,119.9393,62.60984,62.91812,10,10,49.72704,50.00926,49.94598,49.97408,0,0,1,1.5,40,250,-0.4679604,120,7.16077,846.1182,847.2552,654.0733,847.2552,458.8417,847.2552,427.7234,26.19794,24.91956
E3J2BC1282,0,123,2024-03-18 15:39:58,99.99455,483.4,485.8,14.30775,13.22245,0,0,1.2,1.2,2,59.74982,319.5855,150.6268,120.0397,62.57213,62.88068,10,10,50.06966,50.02592,50.06936,50.01297,0,0,1,1.5,40,250,-0.4679585,120,7.16077,856.2,857.3371,651.8021,857.3371,460.6121,857.3371,429.5556,26.27888,24.92006
E3J2BC1282,0,124,2024-03-18 15:40:04,99.99455,484.1,486,14.23214,13.20253,0,0,1.2,1.2,2,59.93854,319.6879,150.7218,119.9207,62.55201,62.86261,10,10,50.42295,49.99721,50.06532,49.98334,0,0,1,1.5,40,250,-0.4679604,120,7.127112,866.2753,867.4124,648.5103,867.4124,462.691,867.4124,431.5232,26.17181,24.92
E3J2BC1282,0,125,2024-03-18 15:40:10,99.97518,484.3,485.7,14.23998,13.1596,0,0,1.2,1.2,2,60.15194,319.5709,150.7692,119.9666,62.5231,62.83163,10,10,49.88114,49.98705,50.01936,50.02223,0,0,1,1.5,40,250,-0.4679546,120,7.127122,876.3372,877.4743,647.4056,877.4743,464.3618,877.4743,433.5247,26.24775,24.92038
E3J2BC1282,0,126,2024-03-18 15:40:16,99.99455,487.6,486.7,13.93364,12.84451,0,0,1.2,1.2,2,59.904,319.5635,151.0867,120.1092,62.49293,62.8497,10,10,50.21558,50.01759,49.98064,49.98796,0,0,1,1.5,40,250,-0.4679565,120,7.127114,886.4059,887.543,645.3643,887.543,466.5451,887.543,435.5793,26.17394,24.91969
E3J2BC1282,0,127,2024-03-18 15:40:22,99.97518,484.7,487,14.27227,12.37542,0,0,1.2,1.2,2,60.1322,319.7707,150.6618,119.8859,62.47407,62.83292,10,10,49.57458,49.99446,50.06612,50.03796,0,0,1,1.5,40,250,-0.4679623,120,7.198513,896.4941,897.6313,644.781,897.6313,468.662,897.6313,437.4212,26.22956,24.91925
E3J2BC1282,0,128,2024-03-18 15:40:28,99.97518,485.1,487.4,14.04553,12.67356,0,0,1.2,1.2,2,59.54629,319.8755,150.6593,120.0025,62.45898,62.7929,10,10,49.7082,49.9713,50.08225,50.05649,0,0,1,1.5,40,250,-0.4679623,120,7.197879,906.556,907.6931,643.7117,907.6931,470.2663,907.6931,439.21,26.22412,24.92025
E3J2BC1282,0,129,2024-03-18 15:40:34,99.97518,488,484.6,13.90637,13.4359,0,0,1.2,1.2,2,59.49325,319.9584,150.9267,120.0484,62.44893,62.76192,10,10,49.85165,49.94722,50.12017,50.0602,0,0,1,1.5,40,250,-0.4679604,120,7.197884,916.6378,917.7749,641.8647,917.7749,472.5493,917.7749,441.3033,26.19138,24.91969
E3J2BC1282,0,130,2024-03-18 15:40:41,99.97518,486.9,484.9,13.98899,13.47433,0,0,1.2,1.2,2,60.27961,319.6391,150.5343,120.0397,62.42504,62.74643,10,10,49.96803,50.00554,50.00726,50.03334,0,0,1,1.5,40,250,-0.4679623,120,7.229377,926.713,927.8502,639.7305,927.8502,473.9068,927.8502,443.1694,26.21338,24.91981
E3J2BC1282,0,131,2024-03-18 15:40:47,99.99455,486.4,487.5,14.05067,12.62027,0,0,1.2,1.2,2,60.08841,319.5928,151.0442,119.9926,62.38229,62.71804,10,10,49.78526,50.01759,50.02259,50.01852,0,0,1,1.5,40,250,-0.4679604,120,7.241078,936.7683,937.9055,638.1619,937.9055,475.6725,937.9055,444.8759,26.24781,24.91981
E3J2BC1282,0,132,2024-03-18 15:40:53,99.97518,487.3,485.9,13.94357,13.37631,0,0,1.2,1.2,2,59.92251,319.6464,151.1242,120.0298,62.42127,62.70126,10,10,49.98524,50.00185,49.99839,49.93982,0,0,1,1.5,40,250,-0.4679565,120,7.209792,946.8234,947.9606,636.063,947.9606,478.0077,947.9606,446.9354,26.24256,24.91969
E3J2BC1282,0,133,2024-03-18 15:40:59,99.99455,486.6,485.4,14.04708,13.29945,0,0,1.2,1.2,2,60.08039,320.3654,151.1567,120.0025,62.35715,62.71933,10,10,50.0754,50.02037,49.91129,49.91483,0,0,1,1.5,40,250,-0.4679546,120,7.209692,956.9321,958.0692,634.0482,958.0692,479.7734,958.0692,448.8499,26.24331,24.91987
E3J2BC1282,0,134,2024-03-18 15:41:05,99.99455,487,487.8,13.94069,12.57215,0,0,1.2,1.2,2,59.8707,319.5172,150.4393,119.9678,62.30309,62.64445,10,10,50.07786,50.00462,49.98951,49.98334,0,0,1,1.5,40,250,-0.4679585,120,7.209687,967.0403,968.1775,632.0024,968.1775,481.6815,968.1775,450.3292,26.22412,24.9195
E3J2BC1282,0,135,2024-03-18 15:41:11,99.97518,487.4,488,14.00543,12.5861,0,0,1.2,1.2,2,59.94594,319.4807,150.6743,120.0745,62.32446,62.62897,10,10,49.70655,49.9713,49.99274,49.97778,0,0,1,1.5,40,250,-0.4679565,120,7.168478,977.1087,978.2458,631.1849,978.2458,483.3807,978.2458,452.2001,26.24681,24.91912
E3J2BC1282,0,136,2024-03-18 15:41:17,99.97518,486.8,485.7,13.9216,13.13289,0,0,1.2,1.2,2,59.71466,319.5465,149.8744,119.9294,62.26789,62.61606,10,10,49.70573,49.97038,50.03709,50.00742,0,0,1,1.5,40,250,-0.4679565,120,7.132466,987.1705,988.3076,629.6915,988.3076,485.2793,988.3076,454.0759,26.23,24.92056
E3J2BC1282,0,137,2024-03-18 15:41:23,99.97518,487,485.5,13.96129,13.25299,0,0,1.2,1.2,2,60.40789,319.6123,150.5493,119.9108,62.28423,62.61219,10,10,49.95655,49.99165,50.08628,50.05835,0,0,1,1.5,40,250,-0.4679585,120,7.13244,997.2456,998.3828,627.9152,998.3828,486.8551,998.3828,456.0483,26.24756,24.92012
E3J2BC1282,0,138,2024-03-18 15:41:29,99.97518,486.7,485.4,14.01889,13.18332,0,0,1.2,1.2,2,60.05943,319.8999,149.9744,120.0348,62.26035,62.5825,10,10,50.50327,49.98796,49.99517,50.02499,0,0,1,1.5,40,250,-0.4679546,120,7.13245,1007.514,1008.651,624.2477,1008.651,489.0859,1008.651,457.7162,26.24763,24.92013
E3J2BC1282,0,139,2024-03-18 15:41:35,99.97518,487.4,485.3,14.04251,13.04589,0,0,1.2,1.2,2,60.17661,319.9316,149.9344,119.8971,62.27543,62.54764,10,10,50.30738,50.00185,49.98226,50.01111,0,0,1,1.5,40,250,-0.4679585,120,7.13245,1017.589,1018.726,621.9677,1018.726,490.5858,1018.726,459.795,26.23594,24.91931
E3J2BC1282,0,140,2024-03-18 15:41:41,99.95969,486,485.4,14.08774,12.9758,0,0,1.2,1.2,2,60.25185,320.285,150.6043,120.0373,62.17234,62.55539,10,10,49.86228,49.99352,49.9992,50.00371,0,0,1,1.5,40,250,-0.4679565,120,7.13244,1027.664,1028.802,620.8896,1028.802,492.2565,1028.802,461.6514,26.24763,24.92025
E3J2BC1282,0,141,2024-03-18 15:41:47,99.97518,486.8,485.5,14.01844,13.08781,0,0,1.2,1.2,2,60.2352,320.3971,149.1346,120.0397,62.16103,62.52182,10,10,49.48689,50.00926,49.98791,50.07779,0,0,1,1.5,40,250,-0.4679565,120,7.13245,1037.746,1038.884,620.4521,1038.884,494.2975,1038.884,463.4015,26.25794,24.9195
E3J2BC1282,0,142,2024-03-18 15:41:53,99.97518,487.1,487.7,13.84841,12.54028,0,0,1.2,1.2,2,59.8781,320.3874,149.1896,119.9306,62.17612,62.48826,10,10,50.08115,50.06389,49.86694,50.05371,0,0,1,1.5,40,250,-0.4679585,120,7.13245,1047.808,1048.945,617.6154,1048.945,496.0394,1048.945,465.1322,26.2435,24.91931
E3J2BC1282,0,143,2024-03-18 15:41:59,99.99455,486.6,487.4,13.87889,12.5829,0,0,1.2,1.2,2,60.00145,320.0924,149.467,120.0534,62.13966,62.47923,10,10,50.13934,50.02962,49.88064,49.95834,0,0,1,1.5,40,250,-0.4679565,120,7.132445,1057.897,1059.034,615.817,1059.034,497.9807,1059.034,467.2642,26.24769,24.91931
E3J2BC1282,0,144,2024-03-18 15:42:05,99.99455,486.5,485.2,14.01707,13.33197,0,0,1.2,1.2,2,59.88488,320.1339,149.0346,120.0955,62.20503,62.43276,10,10,49.69181,50.07222,49.92661,49.92223,0,0,1,1.5,40,250,-0.4679604,120,7.167823,1067.965,1069.102,614.7389,1069.102,499.8176,1069.102,468.9756,26.24681,24.91981
E3J2BC1282,0,145,2024-03-18 15:42:11,99.97518,487.1,487.6,13.8228,12.42154,0,0,1.2,1.2,2,59.37976,320.1802,149.2296,120.0571,62.11451,62.43534,10,10,49.68771,50.00648,50.03629,50.01668,0,0,1,1.5,40,250,-0.4679604,120,7.167825,1078.027,1079.164,613.6563,1079.164,501.2842,1079.164,470.7933,26.24813,24.92031
E3J2BC1282,0,146,2024-03-18 15:42:17,99.97518,487.9,487.6,13.93134,12.63123,0,0,1.2,1.2,2,59.73378,320.4239,149.627,119.938,62.068,62.41985,10,10,50.2418,49.9565,50.02822,50.02408,0,0,1,1.5,40,250,-0.4679623,120,7.167823,1088.096,1089.233,610.5677,1089.233,502.7793,1089.233,472.6063,26.276,24.91994
E3J2BC1282,0,147,2024-03-18 15:42:24,99.97518,487,485.1,13.94397,13.29187,0,0,1.2,1.2,2,60.47882,319.5757,149.1496,119.9517,62.0768,62.35918,10,10,49.79671,49.98332,50.05485,50.08241,0,0,1,1.5,40,250,-0.4679604,120,7.205827,1098.164,1099.301,609.5779,1099.301,504.6494,1099.301,474.453,26.28106,24.91906
E3J2BC1282,0,148,2024-03-18 15:42:30,99.97518,487.2,484.8,13.98911,13.21798,0,0,1.2,1.2,2,60.00762,320.3289,149.327,120.0484,62.01394,62.36305,10,10,49.82294,50.03612,49.99354,50.0352,0,0,1,1.5,40,250,-0.4679604,120,7.205873,1108.313,1109.45,608.2656,1109.45,506.4863,1109.45,476.0291,26.21887,24.91856
E3J2BC1282,0,149,2024-03-18 15:42:36,99.97518,487.9,488.2,13.85632,12.35763,0,0,1.2,1.2,2,60.24322,319.7098,150.6493,119.9616,61.99885,62.32304,10,10,49.73771,50.01109,49.97421,49.9852,0,0,1,1.5,40,250,-0.4679604,120,7.20587,1118.474,1119.611,607.2361,1119.611,508.2662,1119.611,477.9725,26.24794,24.91925
E3J2BC1282,0,150,2024-03-18 15:42:42,99.99455,487.6,484.7,13.89903,13.20771,0,0,1.2,1.2,2,60.20436,320.3069,149.7345,119.9145,61.99634,62.33723,10,10,49.18443,50.03334,49.93952,49.95834,0,0,1,1.5,40,250,-0.4679585,120,7.205875,1128.596,1129.733,607.5277,1129.733,510.0176,1129.733,479.9691,26.23987,24.91962
E3J2BC1282,0,151,2024-03-18 15:42:48,99.99455,487.7,484.8,13.95633,13.19823,0,0,1.2,1.2,2,59.36928,320.2923,148.8721,119.9976,62.00765,62.31658,10,10,50.27131,50.06389,49.94918,49.95,0,0,1,1.5,40,250,-0.4679604,120,7.205875,1138.665,1139.802,603.6968,1139.802,511.8402,1139.802,481.5838,26.24025,24.919
E3J2BC1282,0,152,2024-03-18 15:42:54,99.99455,487.4,488,13.93966,12.35091,0,0,1.2,1.2,2,59.69246,320.2947,149.8644,119.9132,62.01394,62.29722,10,10,49.97378,50.06853,49.95725,49.96667,0,0,1,1.5,40,250,-0.4679585,120,7.205875,1148.733,1149.87,602.2077,1149.87,513.53,1149.87,483.2033,26.2475,24.918
E3J2BC1282,0,153,2024-03-18 15:43:00,99.97518,486.6,487.2,13.91964,12.3996,0,0,1.2,1.2,2,60.00269,320.4215,149.437,120.0286,61.97245,62.24429,10,10,50.3877,50.03148,49.95081,49.97594,0,0,1,1.5,40,250,-0.4679604,120,7.20587,1158.828,1159.965,599.1898,1159.965,515.6326,1159.965,485.0259,26.244,24.91956
E3J2BC1282,0,154,2024-03-18 15:43:06,99.99455,486.6,487.9,13.8874,12.44558,0,0,1.2,1.2,2,59.67642,320.4702,149.1671,120.0621,61.94102,62.27785,10,10,49.65163,49.98891,49.97904,49.99167,0,0,1,1.5,40,250,-0.4679642,120,7.238169,1168.903,1170.041,599.0573,1170.041,516.9901,1170.041,486.7905,26.25725,24.91881
E3J2BC1282,0,155,2024-03-18 15:43:12,99.99455,487.6,487.2,13.72538,12.71694,0,0,1.2,1.2,2,60.32524,320.2728,149.527,120.0224,61.88948,62.22493,10,10,50.02296,49.97685,50.04356,50.03056,0,0,1,1.5,40,250,-0.4679604,120,7.236649,1178.972,1180.109,596.5652,1180.109,518.7653,1180.109,488.5647,26.24819,24.91894
E3J2BC1282,0,156,2024-03-18 15:43:18,99.97518,487.5,487.3,13.81164,12.68614,0,0,1.2,1.2,2,60.007,319.878,149.4195,120.0236,61.86182,62.22493,10,10,50.31147,50.02498,50.03146,50.05835,0,0,1,1.5,40,250,-0.4679623,120,7.274627,1189.074,1190.211,594.1835,1190.211,520.6496,1190.211,490.3873,26.24113,24.91987
E3J2BC1282,0,157,2024-03-18 15:43:24,99.99455,487.4,487.2,13.85595,12.7048,0,0,1.2,1.2,2,59.39765,320.051,150.5918,120.036,61.80273,62.16942,10,10,49.86147,49.98055,49.99677,50,0,0,1,1.5,40,250,-0.4679585,120,7.2747,1199.149,1200.286,593.3838,1200.286,522.477,1200.286,492.1374,26.23281,24.92038
E3J2BC1282,0,158,2024-03-18 15:43:30,99.97518,488.2,486.3,13.71146,12.97699,0,0,1.2,1.2,2,59.89414,319.839,149.422,120.041,61.84925,62.15264,10,10,49.85984,50.03795,49.92258,50.00464,0,0,1,1.5,40,250,-0.4679585,120,7.274705,1209.211,1210.348,591.7091,1210.348,524.3234,1210.348,493.7424,26.25594,24.91987
E3J2BC1282,0,159,2024-03-18 15:43:36,99.99455,488.6,485.8,13.7957,13.13288,0,0,1.2,1.2,2,60.32154,320.5165,149.2346,120.0224,61.80776,62.12166,10,10,50.01803,50.05556,49.9,49.95926,0,0,1,1.5,40,250,-0.4679604,120,7.2747,1219.306,1220.443,589.9417,1220.443,525.6713,1220.443,495.3426,26.2485,24.91894
E3J2BC1282,0,160,2024-03-18 15:43:42,99.99455,487.6,487.8,13.77464,12.36271,0,0,1.2,1.2,2,60.39987,320.597,149.0696,119.9455,61.7537,62.1023,10,10,49.64425,50.04167,49.94918,49.97594,0,0,1,1.5,40,250,-0.4679604,120,7.274693,1229.348,1230.485,588.8547,1230.485,527.5557,1230.485,496.9283,26.248,24.92
E3J2BC1282,0,161,2024-03-18 15:43:48,99.99455,488.2,485.7,13.70612,12.88721,0,0,1.2,1.2,2,59.94286,320.324,149.1246,120.129,61.71473,62.08681,10,10,50.16885,50.02498,49.90484,49.92778,0,0,1,1.5,40,250,-0.4679604,120,7.274705,1239.41,1240.547,586.4686,1240.547,529.2406,1240.547,498.427,26.24394,24.91912
E3J2BC1282,0,162,2024-03-18 15:43:54,99.99455,487.3,486.3,13.83741,13.03483,0,0,1.2,1.2,2,60.16119,320.4483,148.9746,120.1216,61.74867,62.08294,10,10,50.29589,49.98241,50.01614,49.9852,0,0,1,1.5,40,250,-0.4679585,120,7.274698,1249.452,1250.589,583.8661,1250.589,530.9209,1250.589,500.2351,26.27175,24.91994
E3J2BC1282,0,163,2024-03-18 15:44:00,99.97518,487.7,489,13.7408,12.26238,0,0,1.2,1.2,2,60.02427,320.3922,149.1221,120.0112,61.66821,62.07906,10,10,50.08607,50.00462,49.97097,49.9787,0,0,1,1.5,40,250,-0.4679585,120,7.2747,1259.513,1260.65,582.1207,1260.65,532.2546,1260.65,501.9851,26.32281,24.92
E3J2BC1282,0,164,2024-03-18 15:44:07,99.99455,488.4,488.7,13.69426,12.28548,0,0,1.2,1.2,2,60.10506,320.5336,148.8496,120.036,61.69461,62.0739,10,10,49.77868,49.97502,50.00404,50.0426,0,0,1,1.5,40,250,-0.4679565,120,7.240611,1269.602,1270.739,581.0868,1270.739,533.7402,1270.739,503.682,26.22131,24.91981
E3J2BC1282,0,165,2024-03-18 15:44:13,99.97518,488.7,486,13.70353,12.73169,0,0,1.2,1.2,2,60.14639,320.4337,149.0746,119.9839,61.69964,62.02356,10,10,50.0377,49.98332,50.03709,50.06204,0,0,1,1.5,40,250,-0.4679585,120,7.275375,1279.677,1280.814,578.7538,1280.814,535.6957,1280.814,505.1855,26.28087,24.92006
E3J2BC1282,0,166,2024-03-18 15:44:19,99.99455,487.8,488.7,13.7931,12.04111,0,0,1.2,1.2,2,60.27467,320.2533,149.5195,119.9876,61.65941,62.00161,10,10,49.44918,50.04167,49.93388,50.0426,0,0,1,1.5,40,250,-0.4679604,120,7.275387,1289.752,1290.889,578.5151,1290.889,537.2479,1290.889,506.9646,26.276,24.92069
E3J2BC1282,0,167,2024-03-18 15:46:49,5.004957,493.9,487.7,13.03752,11.98462,0,0,1.2,1.2,2,59.55184,318.1767,146.3302,120.8806,59.01429,60.70301,10,10,51.09426,50.4037,51.38387,52.92685,0,0,1,1.5,40,250,-0.4679623,120,7.275382,1304.26,1305.397,574.0524,1305.397,539.8774,1305.397,510.6339,25.96781,24.92113
E3J2BC1282,0,168,2024-03-18 15:46:55,4.989462,493.8,487.6,12.90208,11.93496,0,0,1.2,1.2,2,58.36336,319.4807,148.7472,122.6691,57.9658,61.82476,10,10,50.47459,50.30925,48.25323,49.16112,0,0,1,1.5,40,250,-0.4679604,120,7.275392,1304.759,1305.896,572.7754,1305.896,542.2269,1305.896,509.6477,26.36525,24.9215
E3J2BC1282,0,169,2024-03-18 15:47:01,4.970093,493.7,486.5,13.36363,12.06604,0,0,1.2,1.2,2,58.50829,319.0566,149.0296,121.9807,59.79123,61.38845,10,10,50.13277,50.13426,49.47662,49.39632,0,0,1,1.5,40,250,-0.4679604,120,7.275385,1305.258,1306.395,572.7621,1306.395,540.9643,1306.395,510.7838,26.38025,24.92131
E3J2BC1282,0,170,2024-03-18 15:47:07,4.989462,493.8,487.8,13.24796,11.8077,0,0,1.2,1.2,2,58.67482,320.0388,150.1219,122.0824,61.75496,61.31875,10,10,50.0164,50.10555,49.80161,49.47408,0,0,1,1.5,40,250,-0.4679623,120,7.275394,1305.756,1306.893,573.4691,1306.893,539.8536,1306.893,511.0255,26.32925,24.92131
E3J2BC1282,0,171,2024-03-18 15:47:13,19.98109,489.1,485.8,13.4917,12.68395,0,0,1.2,1.2,2,58.91288,319.2638,140.2289,119.6416,58.31781,60.37901,10,10,50.45573,50.03334,59.4379,57.26945,0,0,1,1.5,40,250,-0.4679623,120,7.27539,1306.841,1307.978,572.9565,1307.978,541.325,1307.978,510.1892,26.35494,24.92094
E3J2BC1282,0,172,2024-03-18 15:47:19,20.00046,489.4,486.2,13.74773,12.7943,0,0,1.2,1.2,2,57.94828,319.7512,146.5751,121.7426,61.49975,62.57604,10,10,51.17376,51.17778,46.09435,48.50555,0,0,1,1.5,40,250,-0.4679623,120,7.275385,1308.86,1309.997,572.4352,1309.997,541.6858,1309.997,510.7741,26.30506,24.92156
E3J2BC1282,0,173,2024-03-18 15:47:25,20.00046,486.5,477.8,14.29139,13.82287,0,0,1.2,1.2,2,58.50829,319.5343,148.5272,121.6558,61.42055,62.21976,10,10,50.34589,50.45555,49.15403,48.9389,0,0,1,1.5,40,250,-0.4679585,120,7.275392,1310.863,1312,572.2982,1312,541.8851,1312,511.2189,26.30675,24.92088
E3J2BC1282,0,174,2024-03-18 15:47:32,20.00046,486.2,478.6,14.32572,13.75592,0,0,1.2,1.2,2,58.67913,319.3491,150.5918,121.4363,61.71598,62.05066,10,10,50.05656,50.29814,49.71049,49.21019,0,0,1,1.5,40,250,-0.4679604,120,7.275396,1312.873,1314.01,572.3247,1314.01,541.5386,1314.01,511.567,26.26419,24.92169
E3J2BC1282,0,175,2024-03-18 15:47:38,20.00046,485.8,478.7,13.99216,13.75399,0,0,1.2,1.2,2,58.76486,319.6147,149.8369,121.0654,61.87313,61.96547,10,10,50.00982,50.07408,50.00242,49.40741,0,0,1,1.5,40,250,-0.4679623,120,7.27539,1314.887,1316.024,572.0463,1316.024,541.738,1316.024,511.9296,26.26625,24.92131
E3J2BC1282,0,176,2024-03-18 15:47:44,20.00046,485.5,478.1,14.05082,13.7226,0,0,1.2,1.2,2,58.6372,319.2516,150.5493,120.9216,61.88194,61.91512,10,10,50.04426,49.99165,50.04032,49.56575,0,0,1,1.5,40,250,-0.4679604,120,7.275392,1316.896,1318.033,571.3879,1318.033,542.1367,1318.033,512.0552,26.30538,24.92125
E3J2BC1282,0,177,2024-03-18 15:47:50,20.00046,493.7,486.5,13.43896,12.24913,0,0,1.2,1.2,2,58.34177,320.3971,151.0067,120.826,61.60535,62.09455,10,10,50.16065,50.06944,49.92985,49.55371,0,0,1,1.5,40,250,-0.4679604,120,7.27539,1318.918,1320.055,568.7368,1320.055,542.6113,1320.055,512.4082,26.36869,24.92094
E3J2BC1282,0,178,2024-03-18 15:47:56,20.00046,493.4,486.1,13.31802,12.18072,0,0,1.2,1.2,2,59.2928,320.0778,150.5068,120.6983,61.34888,62.15781,10,10,50.13033,49.95369,50.05888,49.65926,0,0,1,1.5,40,250,-0.4679604,120,7.275385,1320.927,1322.065,567.7603,1322.065,543.1144,1322.065,512.8771,26.27769,24.92025
E3J2BC1282,0,179,2024-03-18 15:48:02,20.00046,493.9,486.3,13.45626,12.26867,0,0,1.2,1.2,2,59.68321,319.4051,148.6147,120.4875,61.3426,61.9474,10,10,49.95983,50.03056,50.05,49.78705,0,0,1,1.5,40,250,-0.4679642,120,7.275392,1322.936,1324.073,568.6793,1324.073,543.2379,1324.073,513.2059,26.32438,24.92038
E3J2BC1282,0,180,2024-03-18 15:48:08,19.98109,494.3,485.9,13.1339,12.11149,0,0,1.2,1.2,2,59.52717,320.4824,149.1321,120.3932,61.60032,61.88414,10,10,49.99262,49.97868,50.08308,49.85556,0,0,1,1.5,40,250,-0.4679604,120,7.275387,1324.944,1326.081,568.074,1326.081,543.3233,1326.081,513.8005,26.30344,24.91987
E3J2BC1282,0,181,2024-03-18 15:48:14,19.98109,493.5,487.3,13.20497,12.19007,0,0,1.2,1.2,2,59.45686,319.9096,151.2717,120.2977,61.79644,61.80024,10,10,49.94181,50.03239,49.925,49.81946,0,0,1,1.5,40,250,-0.4679642,120,7.328218,1326.956,1328.093,568.5247,1328.093,543.9545,1328.093,514.0181,26.29069,24.91956
E3J2BC1282,0,182,2024-03-18 15:48:20,20.00046,485.1,478.8,14.32566,14.15593,0,0,1.2,1.2,2,59.02822,320.3995,149.2146,120.2667,61.8329,61.91125,10,10,50.09016,50.0139,49.96694,49.82408,0,0,1,1.5,40,250,-0.4679604,120,7.326448,1328.964,1330.102,566.4082,1330.102,544.0922,1330.102,514.1534,26.29131,24.91994
E3J2BC1282,0,183,2024-03-18 15:48:26,49.9566,481.2,477.2,14.62967,14.30701,0,0,1.2,1.2,2,59.02205,318.7178,151.3616,116.0238,58.21598,58.73317,10,10,54.14672,52.89998,54.63467,59.96205,0,0,1,1.5,40,250,-0.4679565,120,7.271315,1332.651,1333.788,568.1226,1333.788,544.5526,1333.788,514.603,26.30619,24.91962
E3J2BC1282,0,184,2024-03-18 15:48:32,49.98759,480.1,477.7,14.5292,14.22049,0,0,1.2,1.2,2,58.48671,320.0632,148.9096,121.089,62.5847,62.80711,10,10,51.73113,52.13335,43.42582,47.57593,0,0,1,1.5,40,250,-0.4679585,120,7.271305,1337.706,1338.843,567.7912,1338.843,545.5209,1338.843,515.3475,26.18294,24.91937
E3J2BC1282,0,185,2024-03-18 15:48:38,50.00309,488.7,485.7,13.65431,12.5811,0,0,1.2,1.2,2,59.07879,320.168,149.7869,121.0791,62.08434,62.39919,10,10,50.56066,50.96761,48.42097,48.36111,0,0,1,1.5,40,250,-0.4679585,120,7.271305,1342.741,1343.878,566.4745,1343.878,546.2946,1343.878,516.2274,26.17163,24.91987
E3J2BC1282,0,186,2024-03-18 15:48:44,49.98759,489.3,485,13.61937,12.45031,0,0,1.2,1.2,2,59.34338,320.0145,150.1144,120.6351,61.92845,62.21976,10,10,49.83033,50.34538,49.77259,48.87408,0,0,1,1.5,40,250,-0.4679565,120,7.2713,1347.77,1348.907,566.8279,1348.907,547.0587,1348.907,516.9525,26.195,24.92025
E3J2BC1282,0,187,2024-03-18 15:48:50,49.9721,487,480,13.74884,13.04399,0,0,1.2,1.2,2,59.44144,319.5611,149.6995,120.454,61.81279,62.06228,10,10,49.87786,50.15279,49.94032,49.1037,0,0,1,1.5,40,250,-0.4679604,120,7.271313,1352.803,1353.94,566.0503,1353.94,547.9795,1353.94,517.9194,26.2035,24.91881
E3J2BC1282,0,188,2024-03-18 15:48:56,54.9112,484.5,480.3,14.05917,13.5458,0,0,1.2,1.2,2,59.86453,321.3745,148.9921,120.2208,61.3866,61.7486,10,10,49.35819,47.74629,52.40162,49.46019,0,0,1,1.5,40,250,-0.4679585,120,7.271313,1357.86,1358.997,567.2389,1358.997,548.8101,1358.997,518.838,26.24769,24.91931
E3J2BC1282,0,189,2024-03-18 15:49:02,99.99455,479.5,477.8,14.7374,14.55893,0,0,1.2,1.2,2,58.88513,319.5782,150.1319,114.6831,58.5441,59.35665,10,10,55.15574,54.34538,51.06695,60.82779,0,0,1,1.5,40,250,-0.4679585,120,7.271296,1366.342,1367.479,565.8735,1367.479,549.9968,1367.479,519.6695,26.09944,24.91875
E3J2BC1282,0,190,2024-03-18 15:49:08,99.99455,487.4,484.9,13.67683,12.22456,0,0,1.2,1.2,2,58.31587,320.3801,149.1046,122.039,62.9694,63.09367,10,10,53.33688,53.08888,40.78872,45.77037,0,0,1,1.5,40,250,-0.4679565,120,7.240458,1376.411,1377.548,561.7819,1377.548,551.2498,1377.548,521.3181,26.0185,24.91944
E3J2BC1282,0,191,2024-03-18 15:49:14,99.99455,486.9,484.2,14.11334,13.01106,0,0,1.2,1.2,2,59.22002,320.4166,149.702,121.5491,62.34332,62.53344,10,10,51.06638,51.50371,47.58468,47.15279,0,0,1,1.5,40,250,-0.4679565,120,7.209654,1386.525,1387.662,559.608,1387.662,552.9918,1387.662,522.8844,25.95206,24.91838
E3J2BC1282,0,192,2024-03-18 15:49:21,99.99455,482.5,478.3,14.54123,14.11249,0,0,1.2,1.2,2,59.93299,319.8901,149.0396,120.8943,61.9976,62.22364,10,10,50.20901,50.70555,49.55,48.06204,0,0,1,1.5,40,250,-0.4679604,120,7.283954,1396.584,1397.721,557.9023,1397.721,554.6957,1397.721,524.7263,25.94069,24.91887
E3J2BC1282,0,193,2024-03-18 15:49:27,99.97518,482.4,479.1,14.45925,13.99781,0,0,1.2,1.2,2,60.4782,319.9584,150.0569,120.4887,61.7625,62.01452,10,10,50.47131,50.30278,49.99677,48.52686,0,0,1,1.5,40,250,-0.4679585,120,7.284409,1406.653,1407.79,554.5619,1407.79,556.3902,1407.79,526.4136,25.89919,24.91806
E3J2BC1282,0,194,2024-03-18 15:49:33,99.97518,482.2,478.2,14.48421,14.18282,0,0,1.2,1.2,2,60.77054,319.6952,149.2596,120.4044,61.69838,61.8764,10,10,49.85082,50.15926,49.91613,48.79446,0,0,1,1.5,40,250,-0.4679604,120,7.284416,1416.695,1417.832,553.2805,1417.832,557.6432,1417.832,527.9316,25.9015,24.91813
E3J2BC1282,0,195,2024-03-18 15:49:39,99.99455,483.6,482.8,14.17397,12.66801,0,0,1.2,1.2,2,60.5078,319.9438,149.562,120.1253,61.57895,61.78862,10,10,50.35656,50.07408,50.00242,49.08981,0,0,1,1.5,40,250,-0.4679585,120,7.284423,1426.791,1427.928,550.0372,1427.928,559.3519,1427.928,529.4399,25.98894,24.91819
E3J2BC1282,0,196,2024-03-18 15:49:45,99.97518,482.4,482.6,14.46857,13.25273,0,0,1.2,1.2,2,60.33758,319.5855,149.5145,120.1365,61.48592,61.7215,10,10,49.79426,50.01759,49.91935,49.16576,0,0,1,1.5,40,250,-0.4679585,120,7.284421,1436.886,1438.023,548.7736,1438.023,561.0085,1438.023,530.9095,26.00969,24.91794
E3J2BC1282,0,197,2024-03-18 15:49:51,99.99455,482.5,481.9,14.28783,13.22638,0,0,1.2,1.2,2,60.49362,319.4661,150.7218,120.0137,61.39289,61.69697,10,10,49.57951,49.99352,50.03469,49.3389,0,0,1,1.5,40,250,-0.4679604,120,7.284416,1446.948,1448.085,547.6512,1448.085,562.0669,1448.085,532.2245,26.02744,24.919
E3J2BC1282,0,198,2024-03-18 15:49:57,99.99455,482.6,482.5,14.41577,13.18219,0,0,1.2,1.2,2,60.62746,319.5026,150.4418,119.9306,61.32374,61.65953,10,10,49.81803,50.03239,49.98467,49.46944,0,0,1,1.5,40,250,-0.4679604,120,7.33351,1457.043,1458.181,545.7556,1458.181,563.975,1458.181,533.8634,26.05919,24.91781
E3J2BC1282,0,199,2024-03-18 15:50:03,99.97518,484.4,485.1,14.18012,12.57406,0,0,1.2,1.2,2,59.79484,319.7732,150.4318,120.0248,61.31871,61.58467,10,10,50.40574,50.00554,49.97662,49.53983,0,0,1,1.5,40,250,-0.4679604,120,7.332256,1467.105,1468.242,542.6184,1468.242,565.2755,1468.242,535.3476,26.03263,24.91794
E3J2BC1282,0,200,2024-03-18 15:50:09,99.99455,483.7,482,14.27803,13.31217,0,0,1.2,1.2,2,59.81273,320.1607,149.1771,119.814,61.29483,61.58725,10,10,49.66311,49.99907,49.99354,49.67409,0,0,1,1.5,40,250,-0.4679585,120,7.332263,1477.154,1478.291,541.7126,1478.291,567.1028,1478.291,537.0203,26.04994,24.91819
E3J2BC1282,0,201,2024-03-18 15:50:15,99.97518,484.7,482.1,14.10633,13.34637,0,0,1.2,1.2,2,59.92313,319.5611,149.0421,119.7173,61.31746,61.56401,10,10,49.79345,49.95833,50.02177,49.72038,0,0,1,1.5,40,250,-0.4679604,120,7.332268,1487.249,1488.386,540.2722,1488.386,568.7641,1488.386,538.4368,26.04344,24.91881
E3J2BC1282,0,202,2024-03-18 15:50:21,99.97518,483,490,14.12015,12.299,0,0,1.2,1.2,2,60.45107,319.3832,149.692,119.7756,61.2546,61.57692,10,10,49.62868,49.94536,50.03226,49.77315,0,0,1,1.5,40,250,-0.4679585,120,7.332268,1497.311,1498.448,538.5665,1498.448,570.3447,1498.448,540.2303,26.03662,24.9185
E3J2BC1282,0,203,2024-03-18 15:50:27,99.97518,485,485.8,14.01761,12.96704,0,0,1.2,1.2,2,60.29132,319.5855,148.8921,119.8537,61.24957,61.56918,10,10,49.40737,49.96852,50.03387,49.86296,0,0,1,1.5,40,250,-0.4679585,120,7.332259,1507.366,1508.504,537.7977,1508.504,572.3097,1508.504,541.8499,25.95963,24.91794
E3J2BC1282,0,204,2024-03-18 15:50:33,99.97518,485.5,485.3,13.98022,13.00689,0,0,1.2,1.2,2,60.47573,319.4173,150.6468,119.8698,61.24706,61.50721,10,10,49.88605,49.9926,49.97257,49.82224,0,0,1,1.5,40,250,-0.4679585,120,7.332268,1517.442,1518.579,535.1952,1518.579,574.3411,1518.579,543.3389,26.07637,24.91875
E3J2BC1282,0,205,2024-03-18 15:50:39,99.97518,483.6,489.1,14.02202,12.32293,0,0,1.2,1.2,2,60.15441,319.5684,150.0794,119.8289,61.23197,61.50851,10,10,50.16965,49.98241,49.96613,49.88148,0,0,1,1.5,40,250,-0.4679565,120,7.332266,1527.53,1528.667,532.5837,1528.667,576.2255,1528.667,544.8038,26.09944,24.91763
E3J2BC1282,0,206,2024-03-18 15:50:45,99.99455,484,489,14.03867,12.27745,0,0,1.2,1.2,2,59.64682,319.7488,151.0792,119.9641,61.16282,61.47881,10,10,50.31638,50.02962,49.93468,49.8287,0,0,1,1.5,40,250,-0.4679585,120,7.332263,1537.599,1538.736,529.557,1538.736,578.2665,1538.736,546.2976,26.07675,24.91862
E3J2BC1282,0,207,2024-03-18 15:50:51,99.99455,486.7,486.4,13.91043,12.71795,0,0,1.2,1.2,2,60.08348,320.0729,148.8796,119.9715,61.17288,61.47494,10,10,50.03361,50.05278,49.94598,49.87317,0,0,1,1.5,40,250,-0.4679604,120,7.332266,1547.674,1548.811,527.4803,1548.811,579.8043,1548.811,547.6706,26.14325,24.91806
E3J2BC1282,0,208,2024-03-18 15:50:57,99.97518,484.5,488.3,14.06433,12.25013,0,0,1.2,1.2,2,60.68913,320.0998,149.8219,119.9356,61.07105,61.45558,10,10,49.31394,50.02684,49.96935,49.92131,0,0,1,1.5,40,250,-0.4679585,120,7.332261,1557.729,1558.866,527.6835,1558.866,581.4513,1558.866,549.3626,26.11406,24.91731
E3J2BC1282,0,209,2024-03-18 15:51:03,99.97518,484.7,488.8,13.9608,12.3128,0,0,1.2,1.2,2,60.04216,319.4831,149.9269,119.8487,61.08865,61.46461,10,10,49.72541,49.95924,50.05322,49.92131,0,0,1,1.5,40,250,-0.4679623,120,7.332268,1567.818,1568.955,525.5405,1568.955,583.2075,1568.955,550.9338,26.07569,24.91856
E3J2BC1282,0,210,2024-03-18 15:51:09,99.95969,484.8,489,14.03939,12.28328,0,0,1.2,1.2,2,60.33203,319.5855,149.4845,119.948,61.09116,61.40653,10,10,49.80656,49.98796,50.07339,49.95926,0,0,1,1.5,40,250,-0.4679527,120,7.263286,1577.926,1579.063,523.9056,1579.063,584.5317,1579.063,552.4954,26.15756,24.9185
E3J2BC1282,0,211,2024-03-18 15:51:15,99.97518,486.7,488.1,13.71771,12.39954,0,0,1.2,1.2,2,60.00515,320.0388,150.5318,119.9393,61.11253,61.40007,10,10,50.46967,50.01945,50.07177,50.01205,0,0,1,1.5,40,250,-0.4679565,120,7.263278,1588.008,1589.145,519.9465,1589.145,586.0838,1589.145,553.9505,26.1675,24.919
E3J2BC1282,0,212,2024-03-18 15:51:22,99.97518,486.2,488,13.81784,12.32416,0,0,1.2,1.2,2,59.89845,320.2679,149.682,119.8797,61.04716,61.40266,10,10,49.97213,49.98149,50.00887,50.05464,0,0,1,1.5,40,250,-0.4679565,120,7.263286,1598.083,1599.22,517.8742,1599.22,587.6929,1599.22,555.512,26.13781,24.91825
E3J2BC1282,0,213,2024-03-18 15:51:28,99.97518,486,488.2,13.88823,12.45031,0,0,1.2,1.2,2,60.1359,319.8073,149.4745,119.9876,61.09745,61.36393,10,10,49.7336,50.0074,49.90484,49.98611,0,0,1,1.5,40,250,-0.4679546,120,7.263288,1608.178,1609.315,516.1863,1609.315,589.3066,1609.315,557.0446,26.17956,24.91838
E3J2BC1282,0,214,2024-03-18 15:51:34,99.99455,486.4,485.6,13.92153,13.09826,0,0,1.2,1.2,2,60.2167,319.9511,150.1194,120.0261,61.0547,61.34069,10,10,49.9246,50.04536,49.93629,49.93982,0,0,1,1.5,40,250,-0.4679546,120,7.263281,1618.246,1619.383,514.2819,1619.383,590.8967,1619.383,558.3305,26.17144,24.91825
E3J2BC1282,0,215,2024-03-18 15:51:40,99.97518,483.5,482.7,14.27362,13.54545,0,0,1.2,1.2,2,60.07114,320.2143,149.3345,119.9951,60.9579,61.33811,10,10,49.63033,50.08519,49.96694,49.96112,0,0,1,1.5,40,250,-0.4679585,120,7.385057,1628.328,1629.465,512.9917,1629.465,591.8032,1629.465,559.9597,26.19263,24.91831
E3J2BC1282,0,216,2024-03-18 15:51:46,99.97518,485.8,490.4,13.86846,12.07875,0,0,1.2,1.2,2,60.31168,320.2362,149.2321,119.9405,61.01699,61.34198,10,10,50.33115,50.05925,49.92742,49.97778,0,0,1,1.5,40,250,-0.4679604,120,7.46633,1638.417,1639.554,509.3684,1639.554,593.8442,1639.554,561.4052,26.14781,24.91813
E3J2BC1282,0,217,2024-03-18 15:51:52,99.97518,486,490.5,13.87765,12.25386,0,0,1.2,1.2,2,60.13159,320.4605,149.3695,119.9517,60.97424,61.311,10,10,49.30245,50.01204,50.01209,49.99446,0,0,1,1.5,40,250,-0.4679585,120,7.46648,1648.499,1649.636,509.3198,1649.636,595.2207,1649.636,562.9764,26.18569,24.91875
E3J2BC1282,0,218,2024-03-18 15:51:58,99.97518,484.9,485.1,14.11388,12.98072,0,0,1.2,1.2,2,59.66532,320.0778,150.8767,120.0323,60.93276,61.26195,10,10,50.50982,50.02223,50.00806,49.98334,0,0,1,1.5,40,250,-0.4679565,120,7.466495,1658.581,1659.718,505.3828,1659.718,596.9009,1659.718,564.4847,26.183,24.91869
E3J2BC1282,0,219,2024-03-18 15:52:04,99.97518,485.7,489.7,13.78171,11.70478,0,0,1.2,1.2,2,60.29749,320.0266,151.1292,119.9368,60.99059,61.24775,10,10,50.20409,49.97408,50.09194,50.05185,0,0,1,1.5,40,250,-0.4679604,120,7.524722,1668.649,1669.786,502.6168,1669.786,598.6713,1669.786,565.761,26.2155,24.91825
E3J2BC1282,0,220,2024-03-18 15:52:10,99.97518,485.7,489.5,13.9512,12.19198,0,0,1.2,1.2,2,59.6647,320.2119,150.7143,119.9703,60.91013,61.23613,10,10,50.36065,50.02132,49.95,50.00648,0,0,1,1.5,40,250,-0.4679585,120,7.524856,1678.745,1679.882,500.1468,1679.882,599.6871,1679.882,567.3612,26.17206,24.91925
E3J2BC1282,0,221,2024-03-18 15:52:16,99.97518,485.7,486.6,13.93335,12.65386,0,0,1.2,1.2,2,59.51545,320.3264,149.1396,120.0348,60.84727,61.24259,10,10,49.77296,50.04631,49.94195,50,0,0,1,1.5,40,250,-0.4679623,120,7.524887,1688.807,1689.944,498.7328,1689.944,601.2819,1689.944,568.7922,26.20944,24.91919
E3J2BC1282,0,222,2024-03-18 15:52:22,99.97518,484.3,484.9,14.17426,13.35373,0,0,1.2,1.2,2,59.8707,319.8073,150.3968,120.0422,60.8171,61.22581,10,10,49.36393,49.98982,50.00806,50.00371,0,0,1,1.5,40,250,-0.4679604,120,7.524891,1698.875,1700.013,497.2703,1700.013,602.9241,1700.013,570.2957,26.21156,24.91844
E3J2BC1282,0,223,2024-03-18 15:52:28,99.97518,482.7,486.5,14.19608,12.87178,0,0,1.2,1.2,2,59.35448,319.6708,150.9117,119.9529,60.82338,61.21161,10,10,49.62376,50.00835,49.99354,49.99353,0,0,1,1.5,40,250,-0.4679565,120,7.524889,1708.937,1710.075,495.5912,1710.075,604.5237,1710.075,571.7219,26.20831,24.919
E3J2BC1282,0,224,2024-03-18 15:52:34,99.97518,487,485.1,13.91335,12.90378,0,0,1.2,1.2,2,59.68012,320.2241,150.5268,119.9876,60.78441,61.22065,10,10,51.37048,50.0435,49.93388,49.95464,0,0,1,1.5,40,250,-0.4679565,120,7.524889,1718.986,1720.123,489.741,1720.123,605.6913,1720.123,573.0948,26.19456,24.91838
E3J2BC1282,0,225,2024-03-18 15:52:40,99.99455,487.8,485.7,13.93702,13.03099,0,0,1.2,1.2,2,59.85898,320.3386,150.4243,119.9963,60.67629,61.16514,10,10,49.75246,50.06761,49.94515,49.9639,0,0,1,1.5,40,250,-0.4679585,120,7.524889,1729.081,1730.218,489.1091,1730.218,607.1105,1730.218,574.7724,26.19381,24.91838
E3J2BC1282,0,226,2024-03-18 15:52:46,99.97518,487.9,485.3,13.86578,13.00071,0,0,1.2,1.2,2,60.42948,320.1436,150.1494,119.9095,60.626,61.14061,10,10,49.27377,50.05092,49.99033,50.02037,0,0,1,1.5,40,250,-0.4679585,120,7.524882,1739.177,1740.314,487.8189,1740.314,608.392,1740.314,576.0874,26.17525,24.91881
E3J2BC1282,0,227,2024-03-18 15:52:52,99.97518,486.9,485.9,13.88173,12.87881,0,0,1.2,1.2,2,59.78065,320.6579,150.8267,119.9591,60.73035,61.18708,10,10,50.49999,50.02962,50.04919,50.05464,0,0,1,1.5,40,250,-0.4679527,120,7.48625,1749.252,1750.389,483.5152,1750.389,610.1434,1750.389,577.736,26.19444,24.91875
E3J2BC1282,0,228,2024-03-18 15:52:58,99.97518,485,485.7,14.12505,12.99328,0,0,1.2,1.2,2,60.30551,320.5141,149.3145,119.9566,60.72658,61.15094,10,10,49.83688,50.02592,49.97016,50.04076,0,0,1,1.5,40,250,-0.4679527,120,7.435617,1759.334,1760.471,482.3398,1760.471,611.8759,1760.471,579.2346,26.2335,24.9195
E3J2BC1282,0,229,2024-03-18 15:53:05,99.97518,485.1,485.9,13.9758,12.8443,0,0,1.2,1.2,2,60.04216,320.3264,149.0371,119.9554,60.57069,61.12254,10,10,50.04098,50.02498,49.95484,50.04909,0,0,1,1.5,40,250,-0.4679527,120,7.326005,1769.522,1770.659,480.0289,1770.659,613.2286,1770.659,580.8493,26.23444,24.91887
E3J2BC1282,0,230,2024-03-18 15:53:11,99.99455,485.4,485.2,13.93337,12.87925,0,0,1.2,1.2,2,59.7418,320.2338,149.6295,120.0038,60.50406,61.08381,10,10,51.59263,49.99815,49.93226,50.00464,0,0,1,1.5,40,250,-0.4679565,120,7.358375,1779.638,1780.775,474.0858,1780.775,614.7665,1780.775,582.4205,26.24019,24.91887
E3J2BC1282,0,231,2024-03-18 15:53:17,99.99455,484.9,487.3,13.96086,12.51748,0,0,1.2,1.2,2,59.5173,320.5068,149.8869,119.9752,60.58703,61.06445,10,10,49.94425,50.03334,50.06129,50.00464,0,0,1,1.5,40,250,-0.4679565,120,7.358025,1789.687,1790.824,472.7293,1790.824,616.328,1790.824,583.6533,26.23006,24.91838
E3J2BC1282,0,232,2024-03-18 15:53:23,99.99455,493.3,485.7,13.09783,12.42869,0,0,1.2,1.2,2,59.90462,320.5165,150.4093,120.0013,60.61343,61.08123,10,10,50.1959,50.0074,49.95322,49.97594,0,0,1,1.5,40,250,-0.4679565,120,7.38875,1799.782,1800.919,469.7556,1800.919,617.7709,1800.919,585.1085,26.22444,24.919
E3J2BC1282,0,233,2024-03-18 15:53:29,99.97518,493.9,487,13.5187,12.50669,0,0,1.2,1.2,2,59.71836,320.458,150.2594,119.9728,60.5204,61.03347,10,10,50.73197,49.99721,49.93305,49.93427,0,0,1,1.5,40,250,-0.4679565,120,7.388803,1809.857,1810.994,465.748,1810.994,619.5034,1810.994,586.5443,26.17438,24.9195
E3J2BC1282,0,234,2024-03-18 15:53:35,99.99455,485.4,486.6,13.95074,12.82509,0,0,1.2,1.2,2,60.01995,320.0023,150.9792,120.0025,60.51789,61.04896,10,10,49.09835,50.02406,50.05161,49.96297,0,0,1,1.5,40,250,-0.4679527,120,7.314155,1819.959,1821.096,466.2207,1821.096,621.0032,1821.096,588.2992,26.20975,24.91931
E3J2BC1282,0,235,2024-03-18 15:53:41,99.99455,485.1,486.7,14.00608,12.76199,0,0,1.2,1.2,2,60.4708,319.7927,150.6593,119.9988,60.45377,61.0012,10,10,49.91146,50.05739,50.06371,50.01761,0,0,1,1.5,40,250,-0.4679527,120,7.314093,1830.027,1831.164,462.761,1831.164,622.7072,1831.164,589.8607,26.24363,24.91813
E3J2BC1282,0,236,2024-03-18 15:53:47,99.99455,490.2,486.7,13.69965,12.52482,0,0,1.2,1.2,2,60.02242,320.5433,149.3245,119.9256,60.46886,61.00378,10,10,49.7205,49.98241,49.97338,49.98982,0,0,1,1.5,40,250,-0.4679508,120,7.314095,1840.076,1841.213,461.2277,1841.213,623.6043,1841.213,591.2095,26.24537,24.91869
E3J2BC1282,0,237,2024-03-18 15:53:53,99.99455,487.4,488,13.8345,12.00166,0,0,1.2,1.2,2,60.15996,320.1022,149.2271,119.9194,60.3884,60.94311,10,10,49.16802,49.98055,50.01049,50.01761,0,0,1,1.5,40,250,-0.4679546,120,7.314083,1850.138,1851.275,460.1805,1851.275,625.3984,1851.275,592.6212,26.20244,24.919
E3J2BC1282,0,238,2024-03-18 15:53:59,99.99455,488.5,486.9,13.67876,12.54387,0,0,1.2,1.2,2,59.73933,319.7561,149.337,120.005,60.39594,60.91859,10,10,51.20164,50.01109,49.98144,50.04538,0,0,1,1.5,40,250,-0.4679546,120,7.345752,1860.246,1861.383,454.1314,1861.383,626.3477,1861.383,593.97,26.22619,24.91825
E3J2BC1282,0,239,2024-03-18 15:54:05,99.99455,488.1,487,13.68666,12.58763,0,0,1.2,1.2,2,59.94594,320.402,149.2071,120.0844,60.42485,60.93536,10,10,49.55164,50.02406,49.96049,50.02686,0,0,1,1.5,40,250,-0.4679546,120,7.345745,1870.328,1871.465,453.4819,1871.465,627.8001,1871.465,595.5508,26.21544,24.91906
E3J2BC1282,0,240,2024-03-18 15:54:11,99.99455,488.4,487.5,13.64616,12.22924,0,0,1.2,1.2,2,59.79052,320.2728,150.4093,120.0013,60.43365,60.93537,10,10,50.46722,49.99538,50.00161,50.00835,0,0,1,1.5,40,250,-0.4679565,120,7.34575,1880.523,1881.66,449.6686,1881.66,629.4756,1881.66,596.9045,26.2175,24.91894
E3J2BC1282,0,241,2024-03-18 15:54:17,99.99455,488.8,487.7,13.71925,12.29228,0,0,1.2,1.2,2,60.55653,320.4678,150.7643,119.9914,60.43365,60.89148,10,10,49.97541,49.9861,49.97741,50,0,0,1,1.5,40,250,-0.4679565,120,7.34575,1890.585,1891.722,447.6935,1891.722,630.6622,1891.722,598.4177,26.21538,24.91881
E3J2BC1282,0,242,2024-03-18 15:54:23,99.99455,488.9,487.6,13.80051,12.47012,0,0,1.2,1.2,2,59.98172,320.246,151.0592,120.0782,60.406,60.88244,10,10,49.19181,50.01945,49.97823,49.96667,0,0,1,1.5,40,250,-0.4679565,120,7.34575,1900.647,1901.784,446.9026,1901.784,632.2191,1901.784,599.8245,26.22025,24.91906
E3J2BC1282,0,243,2024-03-18 15:54:29,99.99455,489.6,487.1,13.76115,12.31213,0,0,1.2,1.2,2,60.24137,320.6067,149.592,120.0286,60.3972,60.83855,10,10,49.62376,49.98796,50.00483,49.97314,0,0,1,1.5,40,250,-0.4679546,120,7.345752,1910.749,1911.886,444.9407,1911.886,633.8376,1911.886,601.4585,26.29494,24.91838
E3J2BC1282,0,244,2024-03-18 15:54:35,99.99455,488.3,487.1,13.70531,12.43909,0,0,1.2,1.2,2,60.13035,319.9998,149.6545,119.9356,60.3796,60.78305,10,10,50.04508,49.98055,49.99839,49.96667,0,0,1,1.5,40,250,-0.4679546,120,7.345745,1920.824,1921.961,442.0996,1921.961,635.2425,1921.961,602.8315,26.26337,24.91912
E3J2BC1282,0,245,2024-03-18 15:54:41,99.99455,489.2,487.4,13.75056,12.45716,0,0,1.2,1.2,2,60.38877,320.3654,150.7243,120.0075,60.33685,60.72237,10,10,49.93443,49.96852,50.07581,49.99722,0,0,1,1.5,40,250,-0.4679546,120,7.345752,1930.893,1932.03,439.7003,1932.03,636.9228,1932.03,604.3737,26.25594,24.91975
E3J2BC1282,0,246,2024-03-18 15:54:48,99.97518,488.4,487.6,13.81465,12.24112,0,0,1.2,1.2,2,60.35793,319.8365,150.1019,119.9752,60.33057,60.72883,10,10,50.24836,49.91667,50.03872,50.02408,0,0,1,1.5,40,250,-0.4679527,120,7.345755,1940.981,1942.118,436.3819,1942.118,638.3846,1942.118,605.7902,26.25225,24.91981
E3J2BC1282,0,247,2024-03-18 15:54:54,99.99455,489.2,488.1,13.81417,12.11003,0,0,1.2,1.2,2,60.49054,319.8,149.6295,120.036,60.30793,60.68752,10,10,49.27131,49.98518,49.99517,50.01575,0,0,1,1.5,40,250,-0.4679565,120,7.345752,1951.063,1952.2,435.56,1952.2,639.7184,1952.2,607.226,26.22919,24.919
E3J2BC1282,0,248,2024-03-18 15:55:00,99.97518,488.6,488.1,13.84565,12.2775,0,0,1.2,1.2,2,60.22657,320.285,150.2519,120.0472,60.29536,60.63073,10,10,49.52787,50.03148,49.99677,49.99167,0,0,1,1.5,40,250,-0.4679527,120,7.306456,1961.219,1962.356,433.2005,1962.356,641.0901,1962.356,608.8455,26.23638,24.91937
E3J2BC1282,0,249,2024-03-18 15:55:06,99.97518,489.8,488.2,13.67914,12.15905,0,0,1.2,1.2,2,60.05511,319.9413,150.6268,120.0162,60.2589,60.60233,10,10,50.54017,50.0074,50.03306,50.0139,0,0,1,1.5,40,250,-0.4679527,120,7.306463,1971.327,1972.464,428.7466,1972.464,642.7513,1972.464,610.0444,26.20081,24.91937
E3J2BC1282,0,250,2024-03-18 15:55:12,99.99455,489.9,488.4,13.82246,12.14705,0,0,1.2,1.2,2,59.74982,319.6269,150.2918,119.8909,60.19353,60.61136,10,10,49.70655,50.01204,49.89274,49.98982,0,0,1,1.5,40,250,-0.4679508,120,7.306463,1981.396,1982.533,427.1514,1982.533,644.0804,1982.533,611.7704,26.25531,24.91925
E3J2BC1282,0,251,2024-03-18 15:55:18,99.99455,488.3,488.1,13.97689,12.27026,0,0,1.2,1.2,2,60.17538,319.3076,149.697,120.0025,60.13193,60.5778,10,10,49.97622,50.02962,49.92902,49.96297,0,0,1,1.5,40,250,-0.4679508,120,7.306463,1991.458,1992.595,424.0319,1992.595,645.6942,1992.595,613.1337,26.28119,24.91956
E3J2BC1282,0,252,2024-03-18 15:55:24,99.99455,487.8,488.7,13.76127,11.95045,0,0,1.2,1.2,2,60.02797,319.6903,149.0696,119.9889,60.16336,60.56618,10,10,48.77131,49.95833,50.03306,50.03149,0,0,1,1.5,40,250,-0.4679527,120,7.306451,2001.506,2002.643,423.5105,2002.643,646.9994,2002.643,614.526,26.24794,24.91962
E3J2BC1282,0,253,2024-03-18 15:55:30,99.99455,484,485.6,14.31004,13.03361,0,0,1.2,1.2,2,60.15811,319.8536,150.2619,119.9492,60.09798,60.55973,10,10,49.68606,49.98518,50.04678,49.99722,0,0,1,1.5,40,250,-0.4679508,120,7.306449,2011.608,2012.745,420.9742,2012.745,648.4376,2012.745,615.8555,26.24325,24.91937
E3J2BC1282,0,254,2024-03-18 15:55:36,99.97518,484.3,485.4,14.33279,13.07023,0,0,1.2,1.2,2,60.04524,320.0218,150.5368,120.1017,60.18348,60.56231,10,10,49.03031,49.97408,50.11129,49.96761,0,0,1,1.5,40,250,-0.4679489,120,7.269693,2021.664,2022.801,419.5426,2022.801,650.2982,2022.801,617.3589,26.26594,24.91962
E3J2BC1282,0,255,2024-03-18 15:55:42,99.97518,484.7,485.3,14.43302,13.15602,0,0,1.2,1.2,2,60.16489,319.6172,151.2791,119.969,60.17719,60.5352,10,10,49.92869,49.96852,50.11936,50.06761,0,0,1,1.5,40,250,-0.4679508,120,7.197965,2031.74,2032.877,416.3303,2032.877,651.537,2032.877,618.8915,26.24806,24.91962
E3J2BC1282,0,256,2024-03-18 15:55:48,99.97518,492,489.5,13.63567,12.00241,0,0,1.2,1.2,2,60.08595,319.4709,150.3468,119.9951,60.19479,60.54166,10,10,50.0754,49.94261,50.00967,49.97685,0,0,1,1.5,40,250,-0.4679489,120,7.196997,2041.795,2042.932,413.3521,2042.932,653.1982,2042.932,620.3128,26.24719,24.91925
E3J2BC1282,0,257,2024-03-18 15:55:54,99.97518,485.9,485.6,14.18726,12.91338,0,0,1.2,1.2,2,59.68629,319.6854,150.0269,120.0298,60.18976,60.49002,10,10,50.66639,49.97502,50.07177,49.99908,0,0,1,1.5,40,250,-0.4679508,120,7.197004,2051.89,2053.027,409.0307,2053.027,654.7219,2053.027,621.6713,26.2435,24.92
E3J2BC1282,0,258,2024-03-18 15:56:00,99.97518,485.6,486.5,14.24053,12.90662,0,0,1.2,1.2,2,60.3382,320.2314,150.5143,119.9405,60.1885,60.5068,10,10,50.03278,50.05278,49.97097,50.02594,0,0,1,1.5,40,250,-0.4679489,120,7.196999,2061.959,2063.096,406.6005,2063.096,656.0936,2063.096,623.1023,26.22156,24.9195
E3J2BC1282,0,259,2024-03-18 15:56:06,99.97518,485.8,486.5,14.2079,12.78991,0,0,1.2,1.2,2,60.09273,320.5287,150.8667,120.0335,60.12313,60.44742,10,10,49.99427,49.99998,50.06048,50.03149,0,0,1,1.5,40,250,-0.4679527,120,7.197004,2072.094,2073.231,403.5163,2073.231,657.1995,2073.231,624.5381,26.184,24.91956
E3J2BC1282,0,260,2024-03-18 15:56:12,99.99455,486.1,486.6,14.10884,12.97232,0,0,1.2,1.2,2,60.30859,319.7853,150.3068,120.0348,60.05524,60.39579,10,10,49.53934,49.99998,49.91775,49.99817,0,0,1,1.5,40,250,-0.4679527,120,7.196997,2082.183,2083.32,401.5191,2083.32,658.7089,2083.32,625.8773,26.22475,24.9205
E3J2BC1282,0,261,2024-03-18 15:56:18,99.99455,486.3,486.7,14.17071,12.88104,0,0,1.2,1.2,2,60.17784,320.1241,150.2393,120.0583,60.06656,60.3945,10,10,49.33935,50.02498,49.94032,49.92871,0,0,1,1.5,40,250,-0.4679565,120,7.237271,2092.232,2093.369,399.5573,2093.369,659.9144,2093.369,627.3324,26.24237,24.9195
E3J2BC1282,0,262,2024-03-18 15:56:24,99.97518,493.7,493.9,13.46804,11.55403,0,0,1.2,1.2,2,60.54604,319.5416,151.1342,120.0943,60.16336,60.46162,10,10,49.22869,49.96297,49.95,49.94724,0,0,1,1.5,40,250,-0.4679546,120,7.236985,2102.314,2103.451,397.0872,2103.451,661.1343,2103.451,628.6667,26.24363,24.92044
E3J2BC1282,0,263,2024-03-18 15:56:30,99.97518,494.1,493.7,13.42372,11.56237,0,0,1.2,1.2,2,60.17969,319.5587,149.8269,120.1055,60.10427,60.39191,10,10,49.03361,49.91759,50.02338,49.93149,0,0,1,1.5,40,250,-0.4679565,120,7.285036,2112.395,2113.532,394.5863,2113.532,662.4918,2113.532,630.2427,26.24788,24.91969
E3J2BC1282,0,264,2024-03-18 15:56:37,99.97518,485.9,485.1,14.23443,13.11874,0,0,1.2,1.2,2,60.27837,319.6489,150.3618,119.9604,60.0389,60.40095,10,10,48.90411,49.9565,50.18145,50.08797,0,0,1,1.5,40,250,-0.4679546,120,7.315013,2122.464,2123.601,393.2121,2123.601,664.172,2123.601,631.6979,26.24431,24.92019
E3J2BC1282,0,265,2024-03-18 15:56:43,99.97518,484.6,484.2,14.33578,13.71978,0,0,1.2,1.2,2,60.13158,319.6952,149.9819,120.0447,59.96975,60.35448,10,10,50.15,49.95369,50.05082,50.09814,0,0,1,1.5,40,250,-0.4679508,120,7.282261,2132.526,2133.664,389.39,2133.664,665.6006,2133.664,633.0951,26.22231,24.92006
E3J2BC1282,0,266,2024-03-18 15:56:49,99.97518,492.7,491.4,13.67612,11.90473,0,0,1.2,1.2,2,59.76647,319.9096,150.7943,119.9889,59.96095,60.32479,10,10,48.92213,49.96574,49.90243,49.9852,0,0,1,1.5,40,250,-0.4679527,120,7.282248,2142.595,2143.733,388.0821,2143.733,667.3236,2143.733,634.5261,26.28069,24.92019
E3J2BC1282,0,267,2024-03-18 15:56:55,99.99455,492.1,492.1,13.72857,11.95941,0,0,1.2,1.2,2,59.67395,319.9365,150.6768,119.9889,60.04644,60.33254,10,10,50.47869,50.00554,49.90726,49.95186,0,0,1,1.5,40,250,-0.4679527,120,7.282253,2152.664,2153.801,383.911,2153.801,668.5956,2153.801,635.8942,26.23606,24.9195
E3J2BC1282,0,268,2024-03-18 15:57:01,99.99455,486.9,484.5,14.17221,13.16501,0,0,1.2,1.2,2,59.51792,319.9486,149.8344,120.0323,59.98735,60.33899,10,10,49.70983,50.01295,50.00726,49.97778,0,0,1,1.5,40,250,-0.4679527,120,7.282251,2162.746,2163.883,381.5382,2163.883,669.5972,2163.883,637.1947,26.27163,24.91956
E3J2BC1282,0,269,2024-03-18 15:57:07,99.99455,489.5,492.8,13.70987,11.99485,0,0,1.2,1.2,2,59.44822,320.1363,149.9544,119.9777,59.92575,60.31963,10,10,49.51557,49.97685,50.05888,50.05371,0,0,1,1.5,40,250,-0.4679546,120,7.32159,2172.841,2173.979,379.0549,2173.979,670.9451,2173.979,638.6257,26.24675,24.92019
E3J2BC1282,0,270,2024-03-18 15:57:13,99.99455,488.1,492.6,13.85653,12.03719,0,0,1.2,1.2,2,59.26505,319.4685,150.9842,120.0906,59.839,60.25767,10,10,51.87132,49.97963,50.01936,50.01575,0,0,1,1.5,40,250,-0.4679546,120,7.37401,2182.916,2184.053,371.6052,2184.053,672.5637,2184.053,640.1389,26.24725,24.92006
E3J2BC1282,0,271,2024-03-18 15:57:19,99.97518,488.8,492.3,13.80549,12.11306,0,0,1.2,1.2,2,59.27492,319.9267,150.8667,119.9963,59.94335,60.31576,10,10,50.90737,49.99629,50.04113,49.96297,0,0,1,1.5,40,250,-0.4679527,120,7.341328,2192.991,2194.129,368.1277,2194.129,674.1205,2194.129,641.4103,26.25706,24.92
E3J2BC1282,0,272,2024-03-18 15:57:25,99.97518,489.1,492.2,13.77446,11.96444,0,0,1.2,1.2,2,59.1787,319.4758,149.7794,119.84,59.99112,60.24863,10,10,50.18195,49.97221,49.9992,49.99629,0,0,1,1.5,40,250,-0.4679508,120,7.341316,2203.073,2204.21,364.7519,2204.21,675.2027,2204.21,642.8799,26.22494,24.91962
E3J2BC1282,0,273,2024-03-18 15:57:31,99.97518,487.1,488.5,14.03115,12.66633,0,0,1.2,1.2,2,59.69924,319.7073,150.1194,119.8574,59.80506,60.21249,10,10,50.13605,49.96019,50.06371,50.0139,0,0,1,1.5,40,250,-0.4679508,120,7.309889,2213.129,2214.266,361.4159,2214.266,676.3845,2214.266,644.0741,26.22638,24.92025
E3J2BC1282,0,274,2024-03-18 15:57:37,99.99455,486.2,488.7,14.13247,12.73143,0,0,1.2,1.2,2,59.93978,319.2979,149.1671,120.0422,59.81135,60.22152,10,10,50.12951,49.99446,50.00404,50.03796,0,0,1,1.5,40,250,-0.4679527,120,7.348146,2223.218,2224.355,358.0268,2224.355,677.7705,2224.355,645.6307,26.24775,24.92019
E3J2BC1282,0,275,2024-03-18 15:57:43,99.99455,487.1,489,14.14277,12.72239,0,0,1.2,1.2,2,60.26604,320.0315,148.9146,120.1241,59.85786,60.22927,10,10,50.30245,50.01109,50.00646,50.0287,0,0,1,1.5,40,250,-0.4679565,120,7.395878,2233.293,2234.43,354.4875,2234.43,679.351,2234.43,646.9022,26.24775,24.92
E3J2BC1282,0,276,2024-03-18 15:57:49,99.97518,487.3,488.3,14.33425,12.89344,0,0,1.2,1.2,2,59.73872,319.5514,148.8121,119.9244,59.71203,60.17376,10,10,49.37048,50.02406,49.99354,50.04167,0,0,1,1.5,40,250,-0.4679527,120,7.396,2243.388,2244.526,352.1854,2244.526,680.5756,2244.526,648.3139,26.26813,24.91956
E3J2BC1282,0,277,2024-03-18 15:57:55,99.99455,486.2,487.4,14.18087,12.8564,0,0,1.2,1.2,2,60.39864,320.0729,149.422,120.0534,59.77363,60.14665,10,10,49.83443,50.02498,49.96694,50.00464,0,0,1,1.5,40,250,-0.4679508,120,7.396,2253.51,2254.648,348.73,2254.648,681.9758,2254.648,649.7739,26.19163,24.92
E3J2BC1282,0,278,2024-03-18 15:58:01,99.99455,486.9,488.3,14.24988,12.92723,0,0,1.2,1.2,2,60.03722,319.934,150.2943,120.0571,59.80129,60.17118,10,10,49.9705,50.05925,49.94274,49.94629,0,0,1,1.5,40,250,-0.4679527,120,7.395995,2263.566,2264.703,345.2393,2264.703,683.4377,2264.703,651.0792,26.26194,24.92038
E3J2BC1282,0,279,2024-03-18 15:58:07,99.99455,487.4,488.2,14.05023,12.70006,0,0,1.2,1.2,2,59.94718,320.0998,149.9694,120.0658,59.77615,60.12987,10,10,50.6582,50.01759,50.07177,49.98241,0,0,1,1.5,40,250,-0.4679565,120,7.395998,2273.648,2274.785,340.7014,2274.785,684.7715,2274.785,652.2588,26.30975,24.91919
E3J2BC1282,0,280,2024-03-18 15:58:13,99.99455,487.6,488.7,14.01696,12.62497,0,0,1.2,1.2,2,60.47142,320.0023,150.8242,120.1203,59.79123,60.09115,10,10,49.23197,49.9926,50.07661,49.98611,0,0,1,1.5,40,250,-0.4679489,120,7.360006,2283.75,2284.887,338.6733,2284.887,686.2476,2284.887,653.7623,26.24706,24.92025
E3J2BC1282,0,281,2024-03-18 15:58:19,99.97518,486.7,490.1,13.9713,12.33989,0,0,1.2,1.2,2,60.58305,319.895,150.9617,119.8897,59.82643,60.14665,10,10,49.95245,49.92314,50.15806,50.04352,0,0,1,1.5,40,250,-0.4679508,120,7.359968,2293.839,2294.976,334.8468,2294.976,687.3203,2294.976,654.9661,26.22831,24.92069
E3J2BC1282,0,282,2024-03-18 15:58:26,99.95969,489.4,487.5,13.89973,12.93403,0,0,1.2,1.2,2,60.19635,320.1071,150.9742,119.8921,59.69443,60.09502,10,10,49.76885,49.99998,50.03387,50.03149,0,0,1,1.5,40,250,-0.4679508,120,7.359977,2303.908,2305.045,331.471,2305.045,688.9199,2305.045,656.4502,26.28756,24.92063
E3J2BC1282,0,283,2024-03-18 15:58:32,99.97518,489.5,487.7,13.94928,12.8398,0,0,1.2,1.2,2,60.01934,319.9974,150.6818,119.9244,59.73843,60.04984,10,10,49.94672,49.96944,50.02419,50.03612,0,0,1,1.5,40,250,-0.4679508,120,7.287872,2313.963,2315.1,327.1717,2315.1,690.301,2315.1,657.886,26.21075,24.91969
E3J2BC1282,0,284,2024-03-18 15:58:38,99.97518,487.3,490.1,14.10741,12.30019,0,0,1.2,1.2,2,59.51299,319.6562,151.3166,120.0918,59.74723,60.0705,10,10,51.33115,49.99721,49.99839,49.98241,0,0,1,1.5,40,250,-0.467947,120,7.287875,2324.112,2325.249,321.3833,2325.249,691.5067,2325.249,659.3509,26.22075,24.9195
E3J2BC1282,0,285,2024-03-18 15:58:44,99.97518,488.5,489.2,13.87496,12.34029,0,0,1.2,1.2,2,60.63609,319.7073,150.6393,120.0621,59.68437,60.02402,10,10,48.5164,49.99165,50.025,50,0,0,1,1.5,40,250,-0.467947,120,7.287868,2334.147,2335.284,321.0652,2335.284,692.8546,2335.284,660.4966,26.24375,24.91975
E3J2BC1282,0,286,2024-03-18 15:58:50,99.97518,488.1,489.7,13.97685,12.53281,0,0,1.2,1.2,2,60.40296,319.8828,149.1771,120.036,59.73592,60.06533,10,10,49.23606,50.06111,49.91935,49.9639,0,0,1,1.5,40,250,-0.4679508,120,7.287877,2344.216,2345.353,317.5347,2345.353,694.4162,2345.353,661.8986,26.24788,24.92013
E3J2BC1282,0,287,2024-03-18 15:58:56,99.97518,487.9,489.2,14.09043,12.59418,0,0,1.2,1.2,2,59.54691,319.9145,148.8297,120.0633,59.62277,60.00079,10,10,50.09754,50.03981,49.99033,49.96761,0,0,1,1.5,40,250,-0.467947,120,7.287868,2354.298,2355.435,313.1868,2355.435,695.4509,2355.435,663.1314,26.25187,24.92031
E3J2BC1282,0,288,2024-03-18 15:59:02,99.97518,489.2,490.3,13.80052,12.22602,0,0,1.2,1.2,2,59.79176,320.0608,150.6718,120.0794,59.7158,59.96077,10,10,50.75246,50.02132,49.99677,49.97038,0,0,1,1.5,40,250,-0.467947,120,7.170968,2364.36,2365.497,308.0303,2365.497,696.8274,2365.497,664.5044,26.25925,24.91969
E3J2BC1282,0,289,2024-03-18 15:59:08,99.97518,489.7,489.8,13.85004,12.23553,0,0,1.2,1.2,2,59.73316,319.9243,150.7168,119.9281,59.71454,59.99691,10,10,49.42132,49.95833,50.06936,49.96576,0,0,1,1.5,40,250,-0.4679489,120,7.121664,2374.416,2375.552,305.2598,2375.552,697.8051,2375.552,665.655,26.22112,24.92069
E3J2BC1282,0,290,2024-03-18 15:59:14,99.95969,487.8,489.4,13.95327,12.59875,0,0,1.2,1.2,2,60.32833,319.9633,150.1044,119.876,59.63786,59.95174,10,10,49.22459,49.99907,50.04032,50.05,0,0,1,1.5,40,250,-0.4679489,120,7.077606,2384.491,2385.628,302.1977,2385.628,699.1436,2385.628,667.1585,26.24744,24.92031
E3J2BC1282,0,291,2024-03-18 15:59:20,99.97518,487.9,488.8,14.01718,12.65949,0,0,1.2,1.2,2,60.2537,319.8828,150.6218,119.9926,59.62403,59.95044,10,10,48.54836,49.99165,50.11694,50.11205,0,0,1,1.5,40,250,-0.467947,120,7.077637,2394.579,2395.717,299.7233,2395.717,700.4536,2395.717,668.488,26.2475,24.92138
E3J2BC1282,0,292,2024-03-18 15:59:26,99.97518,487.9,489.5,14.05411,12.55357,0,0,1.2,1.2,2,60.21855,320.3679,150.1119,119.9802,59.53854,59.96465,10,10,49.7918,49.99998,50.00806,50.10278,0,0,1,1.5,40,250,-0.4679451,120,7.045804,2404.781,2405.919,295.234,2405.919,701.8444,2405.919,669.7739,26.2975,24.92013
E3J2BC1282,0,293,2024-03-18 15:59:32,99.97518,487.6,488.9,14.11297,12.52348,0,0,1.2,1.2,2,60.02489,320.1266,149.1846,119.8971,59.07589,59.90139,10,10,50.42213,50.03426,49.90646,50.02963,0,0,1,1.5,40,250,-0.4679489,120,7.009879,2414.891,2416.028,290.2719,2416.028,702.936,2416.028,671.0164,26.20019,24.91962
E3J2BC1282,0,294,2024-03-18 15:59:38,99.97518,487.6,489.6,14.08536,12.46401,0,0,1.2,1.2,2,59.78929,320.1168,149.552,120.0782,59.61523,59.91172,10,10,50.31638,50.02132,49.92742,49.95279,0,0,1,1.5,40,250,-0.4679489,120,7.009898,2424.959,2426.096,285.8489,2426.096,704.4833,2426.096,672.4619,26.24781,24.91956
E3J2BC1282,0,295,2024-03-18 15:59:44,99.97518,489.9,491.3,13.75244,11.8323,0,0,1.2,1.2,2,59.87502,320.4483,150.6143,120.0993,59.64288,59.87299,10,10,49.20081,50.04723,49.94839,49.96297,0,0,1,1.5,40,250,-0.4679508,120,7.056847,2435.028,2436.165,282.8442,2436.165,705.7934,2436.165,673.6995,26.24825,24.91956
E3J2BC1282,0,296,2024-03-18 15:59:50,99.97518,489.5,491.6,13.70419,11.76506,0,0,1.2,1.2,2,60.10753,319.4709,150.1744,120.0707,59.52597,59.87041,10,10,50.01148,50.04259,49.97016,49.98891,0,0,1,1.5,40,250,-0.4679508,120,7.114067,2445.097,2446.234,278.0544,2446.234,706.8661,2446.234,675,26.24769,24.92006
E3J2BC1282,0,297,2024-03-18 15:59:56,99.99455,489.5,490.8,13.8152,12.06613,0,0,1.2,1.2,2,59.73193,319.527,148.8721,119.84,59.50585,59.83427,10,10,49.85656,50.00648,50.075,50.0574,0,0,1,1.5,40,250,-0.4679527,120,7.11411,2455.193,2456.33,273.7861,2456.33,708.271,2456.33,676.2811,26.24869,24.91969
E3J2BC1282,0,298,2024-03-18 16:00:02,75.41138,479.9,485.2,14.83944,13.84007,0,0,1.2,1.2,2,60.6071,317.3261,151.5941,122.6542,64.09961,63.93144,10,10,57.08279,62.58797,25.74033,42.26945,0,0,1,1.5,40,250,-0.4679508,120,7.164304,2464.851,2465.989,266.8975,2465.989,709.5336,2465.989,677.6782,26.27637,24.9195
E3J2BC1282,0,299,2024-03-18 16:00:08,5.035948,488.4,488.7,13.93851,12.16928,0,0,1.2,1.2,2,60.59353,318.8445,148.4022,127.8446,68.31622,67.13276,10,10,50.16721,53.82964,38.20808,34.50648,0,0,1,1.5,40,250,-0.4679489,120,7.271742,2468.512,2469.65,263.3228,2469.65,710.4449,2469.65,678.737,26.58906,24.92
E3J2BC1282,0,300,2024-03-18 16:00:15,39.98155,488.2,482.2,14.47465,13.78088,0,0,1.2,1.2,2,62.03365,318.825,126.7067,112.819,50.24164,52.16788,10,10,49.29917,48.37407,68.99033,66.36946,0,0,1,1.5,40,250,-0.4679527,120,7.271852,2471.177,2472.314,264.9445,2472.314,711.0429,2472.314,678.6838,26.67019,24.9195
E3J2BC1282,0,301,2024-03-18 16:00:21,39.98155,487.7,482.2,14.16188,13.63314,0,0,1.2,1.2,2,60.33388,319.8438,146.2027,118.4944,59.10858,59.27275,10,10,49.63033,49.59074,47.13549,51.66667,0,0,1,1.5,40,250,-0.4679527,120,7.406425,2475.219,2476.356,265.457,2476.356,711.3372,2476.356,679.3607,26.61131,24.92006
E3J2BC1282,0,302,2024-03-18 16:01:03,4.989462,497,490.7,13.2952,11.67773,0,0,1.2,1.2,2,60.01132,320.5336,143.8182,120.01,57.93814,58.17552,10,10,48.03115,47.96761,57.17582,51.71112,0,0,1,1.5,40,250,-0.4679546,120,7.465941,2479.306,2480.443,262.3684,2480.443,710.9907,2480.443,680.3952,26.17231,24.92031
E3J2BC1282,0,303,2024-03-18 16:01:09,20.00046,494.2,489.3,13.43546,12.21075,0,0,1.2,1.2,2,60.40111,319.332,137.6669,115.8961,52.15257,54.92128,10,10,46.93443,48.09166,61.09435,57.3389,0,0,1,1.5,40,250,-0.4679527,120,7.465941,2480.32,2481.457,263.4112,2481.457,712.7849,2481.457,680.3759,26.52781,24.91981
E3J2BC1282,0,304,2024-03-18 16:01:15,19.98109,492.1,489.4,13.6552,12.31642,0,0,1.2,1.2,2,59.764,319.1005,146.7826,118.8776,58.69999,59.6458,10,10,50.70164,51.49721,45.49517,48.36946,0,0,1,1.5,40,250,-0.4679527,120,7.465946,2482.341,2483.478,263.0886,2483.478,712.2628,2483.478,680.5886,26.47738,24.91975
E3J2BC1282,0,305,2024-03-18 16:01:21,19.98109,483.8,480.7,14.95605,14.42826,0,0,1.2,1.2,2,59.03439,319.5952,148.2848,119.1641,59.42539,59.70131,10,10,50.49918,50.71019,48.84678,48.90186,0,0,1,1.5,40,250,-0.4679508,120,7.465941,2484.348,2485.485,260.6805,2485.485,712.1631,2485.485,680.7288,26.51419,24.921
E3J2BC1282,0,306,2024-03-18 16:01:27,20.00046,485,481,14.63864,13.805,0,0,1.2,1.2,2,59.36003,320.1339,149.4095,119.2745,59.59637,59.8575,10,10,50.10737,50.37315,49.80888,49.25926,0,0,1,1.5,40,250,-0.4679527,120,7.465941,2486.357,2487.495,259.8542,2487.495,712.2296,2487.495,680.8641,26.5265,24.92019
E3J2BC1282,0,307,2024-03-18 16:07:41,4.970093,485.4,480.9,14.07371,13.25226,0,0,1.2,1.2,2,60.53247,320.6677,142.6059,117.7874,57.10085,58.42595,10,10,51.16557,50.92036,50.68952,51.7037,0,0,1,1.5,40,250,-0.4679565,120,7.465944,2487.17,2488.307,775.0394,2488.307,714.1993,2488.307,680.5209,25.97931,24.92131
E3J2BC1282,0,308,2024-03-18 16:07:47,7.522931,484.9,480.6,13.85806,13.08797,0,0,1.2,1.2,2,59.54567,322.0423,148.3872,118.3803,59.43419,59.50768,10,10,50.38688,49.57869,49.74999,49.58055,0,0,1,1.5,40,250,-0.4679585,120,7.465939,2487.675,2488.812,776.1202,2488.812,713.1599,2488.812,680.5886,26.23613,24.92237
E3J2BC1282,0,309,2024-03-18 16:07:53,20.00046,474.6,472.9,15.38774,14.9562,0,0,1.2,1.2,2,58.63905,319.5441,145.9102,117.9809,60.0037,60.06662,10,10,52.80328,51.87962,44.9871,49.5639,0,0,1,1.5,40,250,-0.4679585,120,7.465937,2489.604,2490.741,775.6495,2490.741,713.6962,2490.741,681.13,26.20225,24.92269
E3J2BC1282,0,310,2024-03-18 16:07:59,20.00046,475.5,473.1,15.2714,14.86239,0,0,1.2,1.2,2,59.47845,320.5433,149.6495,118.642,60.11936,59.79812,10,10,50.93934,50.85185,47.87258,48.67685,0,0,1,1.5,40,250,-0.4679508,120,7.320152,2491.612,2492.749,775.7933,2492.749,713.7579,2492.749,681.773,26.21025,24.92181
E3J2BC1282,0,311,2024-03-18 16:08:11,4.892617,10950,10945.6,3.471661,0.9300232,0,0,1.2,1.2,2,33.12339,197.8514,185.6196,32.38126,42.40937,27.55646,10,10,50.03361,86.65926,14.82339,37.77963,0,0,1,1.5,40,250,-0.4679546,120,7.320143,2492.969,2494.117,776.7084,2494.117,713.3829,2494.117,681.802,25.85869,24.92163
E3J2BC1282,0,312,2024-03-18 16:08:17,4.989462,23038.5,23033.9,3.525055,0.7944336,0,0,1.2,1.2,2,33.13819,151.5547,136.7696,27.92876,44.47744,37.94913,10,10,50.30984,97.84352,56.08549,51.26482,0,0,1,1.5,40,250,-0.4679527,120,7.320169,2492.969,2494.573,777.6672,2494.573,714.4129,2494.573,682.2226,26.20762,24.92188
