batch_num,time,thickness_average,roll_length,speed,meter,gapDR,gapOP,MES_pressureDR,MES_pressureOP,thickness_average_second,time_gap
E3J2BC1221,2024-03-18 15:30:07,137.64,3600.09,29.98,28.07,476.6,487.65,13.39026,10.74062,140.52107330065797,54.0
E3J2BC1221,2024-03-18 15:30:21,138.89,14533.019999999997,49.97,38.78,473.75,501.05,14.24398,11.41186,143.53886827943995,54.0
E3J2BC1221,2024-03-18 15:30:26,139.52,20176.43,69.97,43.45,476.95,500.11,14.72533,11.66814,145.8667307326262,54.0
E3J2BC1221,2024-03-18 15:30:31,139.2,25881.519999999997,69.99,49.73,468.95,499.68,14.46763,11.64321,144.58994986307846,54.0
E3J2BC1221,2024-03-18 15:30:36,138.89,33057.23,97.86,55.5,474.41,497.29,14.54517,12.36896,144.85909441412758,54.0
E3J2BC1221,2024-03-18 15:30:41,139.8,41214.53,99.99,63.99,474.28,497.12,14.21677,12.22831,146.57745981554677,54.0
E3J2BC1221,2024-03-18 15:30:46,140.33,49366.61,99.99,72.02,475.17,497.91,14.24902,12.00558,145.83941812065714,54.0
E3J2BC1221,2024-03-18 15:30:51,140.03,57640.03,99.98,80.05,475.17,497.91,14.21682,11.98302,145.76942488665418,54.0
E3J2BC1221,2024-03-18 15:30:56,140.15,65691.47,99.98,89.2,470.53,497.45,14.63435,12.28891,145.3191684080762,54.0
E3J2BC1221,2024-03-18 15:31:00,139.5,73839.58,99.99,96.49,470.53,497.45,14.01912,11.7015,144.69289245387182,54.0
E3J2BC1221,2024-03-18 15:31:05,139.62,82009.25,99.99,104.52,478.53,498.11,14.03895,11.77855,144.1469986982089,54.0
E3J2BC1221,2024-03-18 15:31:10,140.6,90327.37,99.98,113.92,478.53,498.11,14.42868,12.61749,144.20923311048475,54.0
E3J2BC1221,2024-03-18 15:31:15,140.53,98358.06,99.99,121.52,473.41,495.12,14.05274,12.50131,144.60697911418825,54.0
E3J2BC1221,2024-03-18 15:31:20,139.51,106495.57999999999,99.99,129.14,473.41,495.12,14.1659,13.36703,144.04828660652325,54.0
E3J2BC1221,2024-03-18 15:31:25,139.64,114654.67000000001,99.98,138.28,480.44,491.49,14.31205,13.30392,144.44900521215084,54.0
E3J2BC1221,2024-03-18 15:31:30,139.9,122835.16,99.98,145.53,480.44,488.49,14.31048,13.21508,144.47415559855963,54.0
E3J2BC1221,2024-03-18 15:31:45,139.41,147120.17,99.99,170.24,478.39,488.56,14.37426,13.44387,144.23295492052392,54.0
E3J2BC1221,2024-03-18 15:31:59,138.94,170321.34,99.98,193.45,478.39,488.56,14.35348,13.24497,144.03469887683966,54.0
E3J2BC1221,2024-03-18 15:32:03,139.15,178459.28,99.98,201.67,482.49,491.57,14.40165,13.3039,144.17484327546242,54.0
E3J2BC1221,2024-03-18 15:32:08,140.25,186639.33,99.99,209.86,482.49,491.57,13.88414,12.46431,144.3529004131005,54.0
E3J2BC1221,2024-03-18 15:32:13,140.44,195032.36,99.99,218.96,478.6,484.9,14.7746,14.50282,143.96350274294764,54.0
E3J2BC1221,2024-03-18 15:32:18,138.44,202968.14,99.99,225.27,478.6,484.9,14.4576,13.81063,144.16000935338982,54.0
E3J2BC1221,2024-03-18 15:32:23,138.87,211169.67,99.99,234.5,484.58,489.41,13.9706,12.63666,143.69651862174481,54.0
E3J2BC1221,2024-03-18 15:32:28,140.3,219254.2,99.98,242.53,484.58,489.41,13.9706,12.63666,143.75311023526382,54.0
E3J2BC1221,2024-03-18 15:32:33,140.32,227423.59,99.98,250.64,480.43,486.05,14.24234,13.18333,143.75838353299184,54.0
E3J2BC1221,2024-03-18 15:32:38,139.09,235582.91,99.98,259.25,480.43,486.05,14.20167,13.45331,143.66255414811667,54.0
E3J2BC1221,2024-03-18 15:32:43,139.12,243742.0,99.98,266.71,483.44,488.17,14.00553,12.80149,143.41535415608055,54.0
E3J2BC1221,2024-03-18 15:32:48,140.05,251922.40999999997,99.99,274.84,483.44,488.17,13.83802,12.88201,143.44646797874148,54.0
E3J2BC1221,2024-03-18 15:32:53,139.94,260092.15999999997,99.98,284.07,482.83,489.39,14.07988,12.6068,143.3892291299023,54.0
E3J2BC1221,2024-03-18 15:32:57,139.67,268251.19,99.99,291.97,482.83,489.39,14.07988,12.6068,143.69983716188068,54.0
E3J2BC1221,2024-03-18 15:33:02,139.84,276431.16,99.96,299.19,482.82,487.14,14.07118,13.07227,143.3541532924411,54.0
E3J2BC1221,2024-03-18 15:33:07,139.84,284537.59,99.98,308.27,482.82,487.14,14.02019,13.1521,143.7780303647464,54.0
E3J2BC1221,2024-03-18 15:33:22,139.79,308897.88,99.98,331.93,483.23,487.2,13.94008,13.08617,144.10167847396332,54.0
E3J2BC1221,2024-03-18 15:33:36,139.85,332109.47,99.99,355.11,483.23,487.2,14.06859,13.12913,143.9129837979857,54.0
E3J2BC1221,2024-03-18 15:33:41,140.05,340247.59,99.99,364.15,483.6,487.23,14.01561,13.08606,143.13519247783856,54.0
E3J2BC1221,2024-03-18 15:33:46,139.65,348406.56,99.98,372.03,483.6,487.23,13.98166,13.0838,143.94923337947924,54.0
E3J2BC1221,2024-03-18 15:33:51,139.85,356555.0,99.98,379.25,483.77,487.71,14.02077,12.86274,144.58710982905376,54.0
E3J2BC1221,2024-03-18 15:33:56,140.01,364905.78,99.98,388.32,483.77,487.71,13.92302,12.94684,144.33006981276947,54.0
E3J2BC1221,2024-03-18 15:34:00,140.22,372894.78,99.99,395.49,484.12,486.34,13.93287,13.30761,142.6001674891907,54.0
E3J2BC1221,2024-03-18 15:34:05,139.7,381064.66,99.98,404.48,484.12,486.34,13.95608,13.32288,142.8695178647255,54.0
E3J2BC1221,2024-03-18 15:34:10,139.89,389234.41,99.98,412.45,484.43,487.08,13.86491,12.97647,143.85401799616474,54.0
E3J2BC1221,2024-03-18 15:34:15,140.16,397393.53,99.99,420.36,484.43,487.08,14.00397,13.51005,145.17939602695589,54.0
E3J2BC1221,2024-03-18 15:34:20,140.13,405595.19,99.99,429.32,484.11,485.96,14.02346,13.49333,143.78666958016342,54.0
E3J2BC1221,2024-03-18 15:34:25,139.7,413722.31,99.99,436.53,484.11,485.96,13.935,12.92022,143.43231498554044,54.0
E3J2BC1221,2024-03-18 15:34:30,139.81,421892.19,99.99,445.46,484.64,487.47,13.95801,12.86027,143.3110010898334,54.0
E3J2BC1221,2024-03-18 15:34:35,140.12,430040.69,99.99,453.42,484.64,487.47,14.06769,13.42815,143.57865969986025,54.0
E3J2BC1221,2024-03-18 15:34:40,140.16,438189.13,99.98,462.36,484.71,485.86,13.8827,12.87202,142.97248127793935,54.0
E3J2BC1221,2024-03-18 15:34:45,139.66,446369.59,99.96,469.67,484.71,485.86,13.85958,12.97645,143.36329026889726,54.0
E3J2BC1221,2024-03-18 15:34:59,140.3,470677.16,99.98,494.07,485.28,487.09,13.85958,12.97645,143.74657596577268,54.0
E3J2BC1221,2024-03-18 15:35:13,140.64,488693.34,34.8,513.83,492.67,489.12,13.88106,12.83444,142.93753922316756,54.0
E3J2BC1221,2024-03-18 15:35:18,140.22,489071.19,4.99,514.79,499.72,491.05,13.90837,12.86764,142.94603888834092,54.0
E3J2BC1221,2024-03-18 15:35:23,140.63,489493.22,4.97,515.2,499.72,491.05,12.91312,11.84908,142.9974006938379,54.0
E3J2BC1221,2024-03-18 15:35:28,141.53,489903.28,5.0,515.6,499.72,491.05,12.70956,11.44616,143.0764326874753,54.0
E3J2BC1221,2024-03-18 15:35:33,140.8,490310.34,4.97,515.99,499.72,491.05,12.55088,11.12351,143.1548864828468,54.0
E3J2BC1221,2024-03-18 15:35:38,140.57,490716.47,4.99,516.44,499.72,491.05,12.70437,11.37293,143.23316103675583,54.0
E3J2BC1221,2024-03-18 15:35:43,140.63,491120.69,4.95,516.8,499.72,491.05,12.89543,11.35933,143.3110674711023,54.0
E3J2BC1221,2024-03-18 15:35:48,140.52,491535.69,4.99,517.25,499.72,491.05,12.74174,11.51524,143.39105156455085,54.0
E3J2BC1221,2024-03-18 15:35:52,141.14,491927.91,4.97,517.64,499.72,491.05,12.69134,11.3005,143.46664520583371,54.0
E3J2BC1221,2024-03-18 15:35:57,141.06,492332.91,4.97,518.01,499.72,491.05,12.46588,11.43215,143.54470197172927,54.0
E3J2BC1221,2024-03-18 15:36:02,142.09,492736.09,5.0,518.45,499.72,491.05,12.92813,11.41323,143.62240796401022,54.0
E3J2BC1221,2024-03-18 15:36:07,140.61,493148.75,4.99,518.85,499.72,491.05,12.78694,11.34093,143.7019410628114,54.0
E3J2BC1221,2024-03-18 15:36:12,140.87,493545.75,5.0,519.29,499.72,491.05,13.5102,10.67965,143.71479439408995,54.0
E3J2BC1221,2024-03-18 15:36:17,139.46,494236.81,8.36,519.65,499.72,491.05,13.06976,11.31693,143.62749631349953,54.0
E3J2BC1221,2024-03-18 15:36:22,140.15,495889.03,19.97,521.35,492.86,493.77,13.99783,11.82306,143.41877979870614,54.0
E3J2BC1221,2024-03-18 15:36:37,140.61,504769.81000000006,49.96,529.25,485.87,492.68,13.86781,11.78784,143.31087481072632,54.0
E3J2BC1221,2024-03-18 15:36:51,140.14,517988.18999999994,79.03,541.64,483.93,492.15,14.10363,12.18219,144.16015957932083,54.0
E3J2BC1221,2024-03-18 15:36:55,140.65,526169.38,99.98,550.37,479.77,482.65,14.52276,13.53189,143.9723695193776,54.0
E3J2BC1221,2024-03-18 15:37:00,139.02,534307.75,99.98,558.25,479.77,482.65,13.84645,12.16475,143.4839087433233,54.0
E3J2BC1221,2024-03-18 15:37:05,139.21,542493.81,99.98,565.38,480.14,486.53,14.26469,13.64682,143.4687866750882,54.0
E3J2BC1221,2024-03-18 15:37:10,139.41,550662.13,99.98,574.37,480.14,483.53,14.11628,13.64873,143.35975368684385,54.0
E3J2BC1221,2024-03-18 15:37:15,139.61,558832.13,99.98,582.38,481.15,483.22,14.25239,13.55304,143.52016115191014,54.0
E3J2BC1221,2024-03-18 15:37:20,139.25,566991.63,99.99,591.37,481.15,483.22,14.25239,13.55304,143.44427036466482,54.0
E3J2BC1221,2024-03-18 15:37:25,139.24,575140.44,99.99,599.29,479.51,484.5,14.56834,13.17206,143.76385547949354,54.0
E3J2BC1221,2024-03-18 15:37:30,139.14,583321.44,99.99,606.56,480.85,485.61,14.20771,12.96439,144.03227844589003,54.0
E3J2BC1221,2024-03-18 15:37:35,139.6,591470.0,99.98,615.57,480.85,485.61,14.11248,13.6859,143.82782476283143,54.0
E3J2BC1221,2024-03-18 15:37:40,139.44,599639.69,99.99,622.68,482.79,483.51,14.11248,13.6859,143.58526321119174,54.0
E3J2BC1221,2024-03-18 15:37:45,139.49,607809.75,99.99,631.69,482.79,483.51,14.20527,13.4592,143.55474988229756,54.0
E3J2BC1221,2024-03-18 15:37:50,139.4,616001.0,99.99,639.67,480.5,485.68,14.30536,12.87972,144.06345020428827,54.0
E3J2BC1221,2024-03-18 15:37:54,139.44,624160.56,99.98,647.52,480.5,485.68,14.21463,13.19999,143.69072762202077,54.0
E3J2BC1221,2024-03-18 15:37:59,139.36,632320.31,99.99,656.56,485.48,484.35,14.21463,13.19999,143.6377569142086,54.0
E3J2BC1221,2024-03-18 15:38:14,140.15,656680.63,99.98,680.63,485.48,484.35,13.86344,13.24452,143.9998213124294,54.0
E3J2BC1221,2024-03-18 15:38:28,139.43,679776.31,99.99,703.02,482.97,484.16,14.0132,13.2972,143.16446039510865,54.0
E3J2BC1221,2024-03-18 15:38:33,139.37,688180.44,99.99,712.86,482.97,484.16,14.23055,13.37594,144.05240646207437,54.0
E3J2BC1221,2024-03-18 15:38:38,139.4,696095.38,99.98,718.88,486.46,488.32,14.25998,13.41651,144.91844572824175,54.0
E3J2BC1221,2024-03-18 15:38:43,140.46,704307.63,99.96,728.41,486.46,488.32,13.93081,12.39393,144.7789351404844,54.0
E3J2BC1221,2024-03-18 15:38:48,140.26,712456.19,99.98,736.34,484.9,484.42,13.87437,12.37918,142.73235943505819,54.0
E3J2BC1221,2024-03-18 15:38:52,139.56,720700.56,99.99,744.3,484.9,484.42,14.17039,13.31969,143.26331117859255,54.0
E3J2BC1221,2024-03-18 15:38:57,139.75,728753.63,99.99,752.27,484.99,487.96,13.99214,12.3707,143.6785729170314,54.0
E3J2BC1221,2024-03-18 15:39:02,140.22,736902.38,99.98,761.23,484.99,487.96,14.08622,13.08353,143.53062052861569,54.0
E3J2BC1221,2024-03-18 15:39:07,139.9,745072.56,99.99,768.44,485.76,484.88,13.98294,12.35316,143.3308293630201,54.0
E3J2BC1221,2024-03-18 15:39:12,139.7,753231.56,99.99,777.44,485.76,484.88,14.44311,13.36575,143.34372513914298,54.0
E3J2BC1221,2024-03-18 15:39:17,139.76,761412.5,99.99,784.76,485.79,487.61,14.43608,13.95953,143.58064374183962,54.0
E3J2BC1221,2024-03-18 15:39:22,140.3,769571.63,99.98,793.71,482.79,484.61,14.42308,13.84934,143.87814961347502,54.0
E3J2BC1221,2024-03-18 15:39:27,139.4,777720.69,99.98,801.59,482.74,481.74,13.84998,12.45381,143.4738056285672,54.0
E3J2BC1221,2024-03-18 15:39:32,138.99,785890.81,99.98,809.57,482.74,481.74,13.98143,12.459,143.31098947426636,54.0
E3J2BC1221,2024-03-18 15:39:37,138.94,794050.38,99.99,818.6,486.68,489.74,13.91883,12.32252,143.22581551356146,54.0
E3J2BC1221,2024-03-18 15:39:51,140.39,818357.13,99.98,842.06,486.68,489.74,14.30775,13.22245,143.07785624211854,54.0
E3J2BC1221,2024-03-18 15:40:05,139.69,841495.0,99.99,865.27,484.05,485.84,14.23214,13.20253,142.5428232738172,54.0
E3J2BC1221,2024-03-18 15:40:10,139.75,849707.38,99.98,874.21,484.05,485.84,14.23998,13.1596,143.3320727329855,54.0
E3J2BC1221,2024-03-18 15:40:15,139.51,857877.5,99.99,881.4,487.83,486.37,13.93364,12.84451,143.66068085515252,54.0
E3J2BC1221,2024-03-18 15:40:20,140.14,866036.56,99.99,890.45,487.83,486.37,14.27227,12.37542,142.16015950222362,54.0
E3J2BC1221,2024-03-18 15:40:25,140.2,874227.75,99.99,897.64,485.56,487.41,14.04553,12.67356,142.43433622177952,54.0
E3J2BC1221,2024-03-18 15:40:30,140.05,882376.5,99.98,906.58,485.56,487.41,14.04553,12.67356,143.236576897689,54.0
E3J2BC1221,2024-03-18 15:40:35,139.86,890578.56,99.96,914.53,487.09,485.08,13.90637,13.4359,144.04406591848974,54.0
E3J2BC1221,2024-03-18 15:40:40,139.88,898769.56,99.98,922.37,487.09,485.08,13.98899,13.47433,143.95918955425483,54.0
E3J2BC1221,2024-03-18 15:40:45,139.74,906971.56,99.98,931.4,486.49,487.57,14.05067,12.62027,143.82897204640707,54.0
E3J2BC1221,2024-03-18 15:40:49,140.22,915099.13,99.98,938.53,486.49,487.57,13.94357,13.37631,143.64554168250532,54.0
E3J2BC1221,2024-03-18 15:40:55,139.92,923588.25,99.99,947.56,486.95,485.49,14.04708,13.29945,142.89705146562648,54.0
E3J2BC1221,2024-03-18 15:40:59,139.8,931407.31,99.98,954.82,486.95,485.49,14.04708,13.29945,142.97292319675054,54.0
E3J2BC1221,2024-03-18 15:41:04,139.76,939587.75,99.99,963.82,486.68,487.73,14.00543,12.5861,143.6462221697742,54.0
E3J2BC1221,2024-03-18 15:41:09,140.18,947736.31,99.99,971.66,486.68,487.73,13.9216,13.13289,142.98635443631542,54.0
E3J2BC1221,2024-03-18 15:41:14,140.0,955905.94,99.99,980.75,487.1,485.59,13.96129,13.25299,143.36596316919778,54.0
E3J2BC1221,2024-03-18 15:41:29,140.19,980533.25,99.98,1004.16,487.1,485.59,14.01889,13.18332,143.113174240351,54.0
E3J2BC1221,2024-03-18 15:41:43,139.76,1003383.19,99.96,1027.54,486.62,485.8,14.08774,12.9758,143.39478299166615,54.0
E3J2BC1221,2024-03-18 15:41:47,139.84,1011542.44,99.98,1036.57,486.62,485.8,14.01844,13.08781,143.0512527840866,54.0
E3J2BC1221,2024-03-18 15:41:52,139.86,1019733.75,99.99,1043.82,487.02,487.79,13.84841,12.54028,142.91548566968842,54.0
E3J2BC1221,2024-03-18 15:41:57,140.35,1027882.5,99.98,1052.86,487.02,487.79,13.87889,12.5829,143.19422195422067,54.0
E3J2BC1221,2024-03-18 15:42:02,139.92,1036126.75,99.98,1060.01,486.87,484.8,14.01707,13.33197,142.4897662890036,54.0
E3J2BC1221,2024-03-18 15:42:07,139.7,1044562.5,99.99,1068.94,486.87,484.8,13.8228,12.42154,142.80894938272797,54.0
E3J2BC1221,2024-03-18 15:42:12,139.67,1052349.63,99.99,1076.83,487.43,487.82,13.93134,12.63123,142.639828983311,54.0
E3J2BC1221,2024-03-18 15:42:17,140.33,1060508.63,99.99,1084.7,487.43,487.82,13.94397,13.29187,142.44760523759973,54.0
E3J2BC1221,2024-03-18 15:42:22,139.85,1068678.38,99.99,1092.7,487.39,484.85,13.98911,13.21798,142.67611002115422,54.0
E3J2BC1221,2024-03-18 15:42:27,139.65,1076838.0,99.99,1101.73,487.39,484.85,13.98911,13.21798,142.5434444004083,54.0
E3J2BC1221,2024-03-18 15:42:32,139.67,1085337.75,99.99,1109.66,487.47,488.32,13.85632,12.35763,142.22628156933214,54.0
E3J2BC1221,2024-03-18 15:42:37,140.33,1093177.75,99.98,1117.56,487.47,488.32,13.89903,13.20771,142.59877094731814,54.0
E3J2BC1221,2024-03-18 15:42:41,140.03,1101348.0,99.99,1126.53,487.52,484.97,13.95633,13.19823,142.2219246661477,54.0
E3J2BC1221,2024-03-18 15:42:46,139.83,1109485.88,99.99,1133.78,487.52,484.97,13.93966,12.35091,142.43487318725295,54.0
E3J2BC1221,2024-03-18 15:42:51,139.56,1117677.25,99.98,1142.77,486.8,487.93,13.93966,12.35091,143.37764295016558,54.0
E3J2BC1221,2024-03-18 15:43:06,140.05,1142006.25,99.98,1166.18,486.8,487.93,13.91964,12.3996,143.35529156595567,54.0
E3J2BC1221,2024-03-18 15:43:20,139.87,1165197.13,99.99,1189.53,487.63,486.98,13.8874,12.44558,141.5320423335957,54.0
E3J2BC1221,2024-03-18 15:43:25,140.07,1173377.63,99.98,1197.42,487.63,486.98,13.72538,12.71694,142.56689913720592,54.0
E3J2BC1221,2024-03-18 15:43:30,139.79,1181558.38,99.98,1206.37,488.16,485.71,13.81164,12.68614,143.24335702973514,54.0
E3J2BC1221,2024-03-18 15:43:35,139.86,1189717.5,99.98,1213.56,488.16,485.71,13.85595,12.7048,140.56788473677565,54.0
E3J2BC1221,2024-03-18 15:43:40,139.76,1197887.63,99.98,1222.66,487.29,488.11,13.71146,12.97699,143.25524791045683,54.0
E3J2BC1221,2024-03-18 15:43:45,140.24,1206440.25,99.98,1230.53,487.29,488.11,13.7957,13.13288,144.02619034245578,54.0
E3J2BC1221,2024-03-18 15:43:49,139.77,1214280.5,99.99,1239.5,487.7,485.81,13.77464,12.36271,144.36741704256082,54.0
E3J2BC1221,2024-03-18 15:43:54,139.8,1222407.75,99.99,1246.79,487.7,485.81,13.70612,12.88721,144.2166921583013,54.0
E3J2BC1221,2024-03-18 15:43:59,139.62,1230875.63,99.99,1255.78,487.44,488.63,13.83741,13.03483,143.65751417234918,54.0
E3J2BC1221,2024-03-18 15:44:04,140.17,1238747.63,99.98,1263.74,487.44,488.63,13.7408,12.26238,143.6345373306152,54.0
E3J2BC1221,2024-03-18 15:44:09,139.88,1246938.88,99.99,1271.62,488.37,485.99,13.7408,12.26238,143.96273718262773,54.0
E3J2BC1221,2024-03-18 15:44:14,139.8,1255108.5,99.98,1280.65,488.37,485.99,13.69426,12.28548,143.39391950006066,54.0
E3J2BC1221,2024-03-18 15:44:19,139.58,1263268.0,99.98,1287.82,487.44,488.52,13.69426,12.28548,143.33975680009357,54.0
E3J2BC1221,2024-03-18 15:44:24,139.92,1271583.13,99.98,1296.77,487.44,488.52,13.70353,12.73169,143.83116949461777,54.0
E3J2BC1221,2024-03-18 15:44:29,139.51,1276474.75,37.96,1303.12,489.81,486.26,13.70353,12.73169,143.48792341080528,54.0
E3J2BC1221,2024-03-18 15:44:43,140.34,1276959.0,0.0,1304.03,495.85,487.82,13.7931,12.04111,143.43815441647465,54.0
E3J2BC1221,2024-03-18 15:44:57,140.3,1276959.0,0.0,1304.03,495.85,487.82,13.7931,12.04111,143.43815441647465,54.0
E3J2BC1221,2024-03-18 15:46:01,140.83,1276959.0,0.0,1304.03,495.85,487.82,13.03752,11.98462,143.43815441647465,54.0
E3J2BC1221,2024-03-18 15:46:06,140.78,1276959.0,0.0,1304.03,495.85,487.82,13.03752,11.98462,143.43815441647465,54.0
E3J2BC1221,2024-03-18 15:46:21,140.94,1276959.0,0.0,1304.03,495.85,487.82,13.03752,11.98462,143.43815441647465,54.0
E3J2BC1221,2024-03-18 15:46:35,140.74,1276959.0,0.0,1304.03,495.85,487.82,13.03752,11.98462,143.43815441647465,54.0
E3J2BC1221,2024-03-18 15:46:40,140.92,1276959.0,0.0,1304.03,495.85,487.82,12.90208,11.93496,143.43815441647465,54.0
E3J2BC1221,2024-03-18 15:46:45,140.85,1276959.0,0.0,1304.03,495.85,487.82,12.90208,11.93496,143.43815441647465,54.0
E3J2BC1221,2024-03-18 15:46:49,141.04,1277208.63,4.95,1304.2,494.2,487.37,12.90208,11.93496,143.4124985898257,54.0
E3J2BC1221,2024-03-18 15:46:54,141.86,1277611.13,4.99,1304.59,494.2,487.37,12.90208,11.93496,143.37113148560667,54.0
E3J2BC1221,2024-03-18 15:46:59,141.21,1278013.88,4.97,1304.94,494.2,487.37,12.90208,11.93496,143.32973868753405,54.0
E3J2BC1221,2024-03-18 15:47:04,140.85,1278423.5,4.97,1305.39,494.2,487.37,13.36363,12.06604,143.28763982236583,54.0
E3J2BC1221,2024-03-18 15:47:09,141.12,1278837.38,4.99,1305.78,494.2,487.37,13.24796,11.8077,143.2451031339331,54.0
E3J2BC1221,2024-03-18 15:47:14,140.94,1280027.25,20.0,1306.72,489.15,485.99,13.4917,12.68395,143.21710889458927,54.0
E3J2BC1221,2024-03-18 15:47:19,140.45,1281588.63,20.0,1308.17,489.15,485.99,13.74773,12.7943,143.37731730597147,54.0
E3J2BC1221,2024-03-18 15:47:24,138.19,1283214.13,19.98,1309.94,485.59,478.44,14.29139,13.82287,143.54410487382927,54.0
E3J2BC1221,2024-03-18 15:47:29,138.08,1284846.13,19.98,1311.39,485.59,478.44,14.32572,13.75592,143.56878334729035,54.0
E3J2BC1221,2024-03-18 15:47:34,138.48,1286512.63,20.02,1313.17,485.59,478.44,13.99216,13.75399,143.5209355186027,54.0
E3J2BC1221,2024-03-18 15:47:38,137.87,1288107.38,19.98,1314.76,485.59,478.44,14.05082,13.7226,143.48264862969913,54.0
E3J2BC1221,2024-03-18 15:47:43,137.23,1289734.0,19.98,1316.34,485.59,478.44,13.43896,12.24913,143.50814161219145,54.0
E3J2BC1221,2024-03-18 15:47:58,137.61,1294588.38,19.98,1321.39,493.59,486.44,13.31802,12.18072,143.58422122780607,54.0
E3J2BC1221,2024-03-18 15:48:12,138.98,1299213.63,19.98,1325.7,493.59,486.44,13.45626,12.26867,143.65670983440907,54.0
E3J2BC1221,2024-03-18 15:48:17,139.64,1300844.75,20.0,1327.5,493.59,486.44,13.1339,12.11149,143.6679728984663,54.0
E3J2BC1221,2024-03-18 15:48:22,139.03,1302494.0,19.98,1329.09,485.59,478.44,13.20497,12.19007,143.6637038245001,54.0
E3J2BC1221,2024-03-18 15:48:27,139.33,1306134.25,49.97,1331.89,483.51,477.87,14.32566,14.15593,143.6542810586941,54.0
E3J2BC1221,2024-03-18 15:48:32,138.17,1310391.88,49.99,1336.4,481.45,477.31,14.62967,14.30701,143.64326020837376,54.0
E3J2BC1221,2024-03-18 15:48:37,137.8,1314288.25,49.97,1340.36,489.45,485.31,14.5292,14.22049,143.83171614189388,54.0
E3J2BC1221,2024-03-18 15:48:41,137.45,1318368.88,49.96,1343.95,489.45,485.31,13.65431,12.5811,143.56992995907422,54.0
E3J2BC1221,2024-03-18 15:48:46,139.86,1322445.13,50.0,1348.44,489.45,485.31,13.61937,12.45031,143.4010739920248,54.0
E3J2BC1221,2024-03-18 15:48:51,139.38,1326516.63,49.97,1352.37,489.45,485.31,13.74884,13.04399,143.48351797063847,54.0
E3J2BC1221,2024-03-18 15:48:56,139.43,1330755.63,50.0,1356.32,485.45,480.07,14.05917,13.5458,143.7688301707444,54.0
E3J2BC1221,2024-03-18 15:49:01,138.65,1337110.0,91.71,1362.28,480.36,478.6,13.67683,12.22456,143.74332117822075,54.0
E3J2BC1221,2024-03-18 15:49:06,138.52,1345312.38,99.99,1370.17,478.33,478.04,14.11334,13.01106,143.07131519524944,54.0
E3J2BC1221,2024-03-18 15:49:11,137.88,1353440.75,99.99,1378.01,486.33,483.91,14.54123,14.11249,143.76727085712648,54.0
E3J2BC1221,2024-03-18 15:49:16,139.92,1361617.13,99.98,1386.94,486.33,483.91,14.45925,13.99781,143.60380069524913,54.0
E3J2BC1221,2024-03-18 15:49:21,139.66,1369764.63,99.99,1394.13,482.23,478.57,14.48421,14.18282,143.0017239508301,54.0
E3J2BC1221,2024-03-18 15:49:35,138.88,1394073.5,99.98,1418.44,482.23,478.57,14.17397,12.66801,143.19074163485428,54.0
E3J2BC1221,2024-03-18 15:49:49,138.75,1417499.0,99.98,1441.8,482.95,482.65,14.46857,13.25273,143.84787383596952,54.0
E3J2BC1221,2024-03-18 15:49:54,138.94,1425722.38,99.99,1450.81,482.95,482.65,14.28783,13.22638,143.71675416866316,54.0
E3J2BC1221,2024-03-18 15:49:59,138.9,1433594.88,99.99,1458.67,484.3,485.19,14.41577,13.18219,143.2879221012325,54.0
E3J2BC1221,2024-03-18 15:50:04,139.67,1441754.13,99.98,1466.51,484.3,485.19,14.18012,12.57406,143.88891876160247,54.0
E3J2BC1221,2024-03-18 15:50:09,139.36,1449966.88,99.99,1474.4,484.07,482.17,14.27803,13.31217,143.7465476937822,54.0
E3J2BC1221,2024-03-18 15:50:14,139.17,1458083.75,99.99,1483.47,484.07,482.17,14.10633,13.34637,143.84309730517785,54.0
E3J2BC1221,2024-03-18 15:50:19,139.03,1466243.25,99.98,1491.37,483.35,489.91,14.12015,12.299,143.75314455419974,54.0
E3J2BC1221,2024-03-18 15:50:24,140.15,1474413.13,99.98,1499.26,483.35,489.91,14.01761,12.96704,143.29600964125078,54.0
E3J2BC1221,2024-03-18 15:50:29,139.82,1482572.63,99.98,1507.31,484.82,485.55,14.01761,12.96704,143.16281854744906,54.0
E3J2BC1221,2024-03-18 15:50:33,139.56,1490732.0,99.99,1516.24,484.82,485.55,13.98022,13.00689,143.77521905108162,54.0
E3J2BC1221,2024-03-18 15:50:38,139.4,1498923.5,99.98,1524.23,483.79,489.05,14.02202,12.32293,143.25958883279606,54.0
E3J2BC1221,2024-03-18 15:50:43,139.97,1507072.13,99.99,1532.16,483.79,489.05,14.03867,12.27745,143.47768838733163,54.0
E3J2BC1221,2024-03-18 15:50:48,139.61,1515231.5,99.99,1540.11,486.9,486.29,13.91043,12.71795,143.71642361946417,54.0
E3J2BC1221,2024-03-18 15:50:53,139.91,1523412.13,99.98,1547.71,486.9,486.29,14.06433,12.25013,143.5128598223216,54.0
E3J2BC1221,2024-03-18 15:50:58,139.79,1531592.63,99.99,1557.1,484.86,488.68,14.06433,12.25013,143.78568307013435,54.0
E3J2BC1221,2024-03-18 15:51:13,139.68,1555858.13,99.98,1580.12,484.86,488.68,14.03939,12.28328,143.74309424467359,54.0
E3J2BC1221,2024-03-18 15:51:27,140.0,1579379.0,99.98,1604.97,486.41,488.27,13.71771,12.39954,143.62113825011724,54.0
E3J2BC1221,2024-03-18 15:51:32,140.14,1587198.0,99.99,1612.79,486.41,488.27,13.81784,12.32416,143.05071386586727,54.0
E3J2BC1221,2024-03-18 15:51:36,139.82,1595357.25,99.98,1619.96,483.38,482.74,13.88823,12.45031,143.40459199127642,54.0
E3J2BC1221,2024-03-18 15:51:41,138.91,1603548.75,99.99,1628.93,483.38,482.74,14.27362,13.54545,143.1220753798919,54.0
E3J2BC1221,2024-03-18 15:51:46,138.97,1611697.5,100.01,1636.9,485.59,490.74,13.86846,12.07875,143.82049318951874,54.0
E3J2BC1221,2024-03-18 15:51:51,140.46,1619878.13,99.98,1644.82,485.59,490.74,13.87765,12.25386,143.7093084913234,54.0
E3J2BC1221,2024-03-18 15:51:56,140.02,1628090.5,99.98,1653.85,484.82,485.31,14.11388,12.98072,143.030837015745,54.0
E3J2BC1221,2024-03-18 15:52:01,139.28,1636239.25,99.98,1661.08,484.82,485.31,13.9512,12.19198,143.0378289501909,54.0
E3J2BC1221,2024-03-18 15:52:06,139.26,1644399.0,99.98,1670.07,485.65,489.38,13.93335,12.65386,142.90139187977215,54.0
E3J2BC1221,2024-03-18 15:52:11,140.13,1652558.5,99.98,1677.29,485.65,489.38,14.17426,13.35373,143.70669624041855,54.0
E3J2BC1221,2024-03-18 15:52:16,139.83,1660728.63,99.98,1686.35,485.84,486.72,14.19608,12.87178,144.092119349814,54.0
E3J2BC1221,2024-03-18 15:52:21,139.74,1668909.38,99.99,1694.09,485.84,484.72,13.91335,12.90378,143.57182037203728,54.0
E3J2BC1221,2024-03-18 15:52:26,139.46,1677207.25,99.99,1702.11,483.34,486.67,13.93702,13.03099,144.0187923627685,54.0
E3J2BC1221,2024-03-18 15:52:31,139.59,1685271.25,99.98,1711.15,483.34,486.67,13.86578,13.00071,142.6803873389331,54.0
E3J2BC1221,2024-03-18 15:52:35,139.27,1693377.88,99.99,1718.33,487.48,485.78,13.88173,12.87881,142.44243118988567,54.0
E3J2BC1221,2024-03-18 15:52:50,140.22,1718047.63,99.98,1743.6,487.48,485.78,14.12505,12.99328,143.54797688011297,54.0
E3J2BC1221,2024-03-18 15:53:04,140.02,1740877.63,99.98,1765.95,484.97,485.88,13.9758,12.8443,143.68142215463226,54.0
E3J2BC1221,2024-03-18 15:53:09,139.73,1749047.88,99.99,1774.94,484.97,485.88,13.93337,12.87925,143.13111199549613,54.0
E3J2BC1221,2024-03-18 15:53:14,139.5,1757218.25,99.99,1782.17,485.13,487.24,13.96086,12.51748,143.26693156971632,54.0
E3J2BC1221,2024-03-18 15:53:19,139.16,1765420.38,99.98,1791.18,485.13,487.24,13.09783,12.42869,143.6561888576252,54.0
E3J2BC1221,2024-03-18 15:53:24,139.51,1773558.75,99.98,1798.99,493.13,486.79,13.5187,12.50669,143.83714285714288,54.0
E3J2BC1221,2024-03-18 15:53:29,140.97,1781749.88,99.99,1806.93,493.13,486.79,13.5187,12.50669,143.66016418496108,54.0
E3J2BC1221,2024-03-18 15:53:33,140.65,1789898.63,99.99,1815.86,485.13,486.29,13.95074,12.82509,142.99373742797547,54.0
E3J2BC1221,2024-03-18 15:53:38,139.61,1798058.25,99.99,1823.02,485.13,486.29,14.00608,12.76199,142.84745457817243,54.0
E3J2BC1221,2024-03-18 15:53:43,139.36,1806484.0,99.98,1832.07,490.62,486.45,13.69965,12.52482,142.65165122543073,54.0
E3J2BC1221,2024-03-18 15:53:48,140.44,1814398.0,99.99,1840.03,490.62,486.45,13.8345,12.00166,143.03174360875477,54.0
E3J2BC1221,2024-03-18 15:53:53,140.1,1822546.75,99.99,1847.94,487.39,487.81,13.67876,12.54387,143.55591638897306,54.0
E3J2BC1221,2024-03-18 15:53:58,140.13,1830716.88,99.98,1856.88,488.65,486.67,13.67876,12.54387,143.0997704968452,54.0
E3J2BC1221,2024-03-18 15:54:03,139.82,1838887.13,99.99,1864.82,488.65,486.67,13.64616,12.22924,143.63020886005037,54.0
E3J2BC1221,2024-03-18 15:54:08,140.04,1847078.5,99.98,1872.0,488.78,487.66,13.71925,12.29228,142.69252528901734,54.0
E3J2BC1221,2024-03-18 15:54:13,139.89,1855216.88,99.98,1880.98,488.78,487.66,13.80051,12.47012,142.59098088297398,54.0
E3J2BC1221,2024-03-18 15:54:27,140.01,1879556.25,99.99,1905.19,488.94,487.18,13.76115,12.31213,143.04065575523896,54.0
E3J2BC1221,2024-03-18 15:54:41,139.88,1902715.63,99.99,1927.71,488.94,487.18,13.70531,12.43909,142.786965204236,54.0
E3J2BC1221,2024-03-18 15:54:46,140.16,1910896.25,99.98,1936.69,488.63,487.75,13.75056,12.45716,142.72222426300655,54.0
E3J2BC1221,2024-03-18 15:54:51,139.8,1919055.5,99.99,1945.73,488.63,487.75,13.81465,12.24112,142.9592181302289,54.0
E3J2BC1221,2024-03-18 15:54:56,139.92,1927236.0,99.98,1952.93,488.6,487.97,13.81417,12.11003,142.80744289534675,54.0
E3J2BC1221,2024-03-18 15:55:01,139.68,1935587.38,99.99,1960.88,488.6,487.97,13.84565,12.2775,142.7114921751671,54.0
E3J2BC1221,2024-03-18 15:55:06,140.15,1943555.25,99.98,1969.94,489.64,488.24,13.67914,12.15905,142.80863636363637,54.0
E3J2BC1221,2024-03-18 15:55:11,139.92,1951704.0,99.98,1977.12,489.64,488.24,13.82246,12.14705,143.02976933514248,54.0
E3J2BC1221,2024-03-18 15:55:16,139.93,1959852.75,99.99,1986.02,488.18,487.97,13.97689,12.27026,143.31832844297864,54.0
E3J2BC1221,2024-03-18 15:55:21,139.73,1968022.75,99.99,1993.24,488.18,487.97,13.76127,11.95045,143.30424289403226,54.0
E3J2BC1221,2024-03-18 15:55:26,139.99,1976182.38,99.98,2002.29,487.57,488.65,14.31004,13.03361,143.87439342472402,54.0
E3J2BC1221,2024-03-18 15:55:30,139.85,1984406.0,99.98,2010.21,484.57,485.65,14.33279,13.07023,144.4839478282765,54.0
E3J2BC1221,2024-03-18 15:55:35,139.04,1992523.25,99.99,2018.19,484.07,485.36,14.43302,13.15602,143.94059436419607,54.0
E3J2BC1221,2024-03-18 15:55:40,138.88,2000693.75,99.98,2027.12,484.07,485.36,13.63567,12.00241,144.151418012008,54.0
E3J2BC1221,2024-03-18 15:55:45,139.2,2009023.38,99.98,2034.37,492.07,490.25,14.18726,12.91338,143.89540207443855,54.0
E3J2BC1221,2024-03-18 15:55:50,140.78,2017044.13,99.99,2043.38,492.07,490.25,14.18726,12.91338,143.71650547312086,54.0
E3J2BC1221,2024-03-18 15:56:05,139.46,2041373.88,99.98,2066.76,485.81,486.32,14.24053,12.90662,143.8389500745446,54.0
E3J2BC1221,2024-03-18 15:56:19,139.18,2064533.75,99.99,2090.37,485.81,486.32,14.2079,12.78991,143.50861766965429,54.0
E3J2BC1221,2024-03-18 15:56:24,139.32,2073033.5,99.99,2098.28,493.81,493.54,14.10884,12.97232,143.43816115453998,54.0
E3J2BC1221,2024-03-18 15:56:29,141.38,2080873.5,99.98,2107.31,493.81,493.54,14.17071,12.88104,143.73531963205937,54.0
E3J2BC1221,2024-03-18 15:56:33,141.44,2089043.0,99.98,2114.51,485.81,485.54,13.46804,11.55403,143.23456464889637,54.0
E3J2BC1221,2024-03-18 15:56:38,139.36,2097213.5,99.99,2123.46,484.36,483.87,13.42372,11.56237,143.4893389464459,54.0
E3J2BC1221,2024-03-18 15:56:43,138.79,2105373.0,99.99,2131.37,484.36,483.87,14.23443,13.11874,143.72285353379752,54.0
E3J2BC1221,2024-03-18 15:56:48,138.67,2113533.0,99.99,2139.25,492.36,491.87,14.33578,13.71978,143.78989401688335,54.0
E3J2BC1221,2024-03-18 15:56:53,141.04,2121745.0,99.98,2148.26,492.36,491.87,13.67612,11.90473,143.5334167139181,54.0
E3J2BC1221,2024-03-18 15:56:58,140.82,2129925.25,99.98,2155.43,486.83,484.53,13.72857,11.95941,143.1696870071576,54.0
E3J2BC1221,2024-03-18 15:57:03,139.15,2138085.0,99.99,2164.41,486.83,484.53,13.70987,11.99485,143.40275786660186,54.0
E3J2BC1221,2024-03-18 15:57:08,139.09,2146234.0,99.99,2172.33,488.48,492.36,13.85653,12.03719,143.58731558750077,54.0
E3J2BC1221,2024-03-18 15:57:13,140.52,2154382.5,99.98,2181.26,488.48,492.36,13.80549,12.11306,142.9343236832502,54.0
E3J2BC1221,2024-03-18 15:57:18,140.3,2162924.75,99.98,2188.51,489.12,492.43,13.77446,11.96444,143.35443876915411,54.0
E3J2BC1221,2024-03-18 15:57:23,140.35,2170743.75,99.98,2197.61,489.12,492.43,14.13247,12.73143,143.07418029807343,54.0
E3J2BC1221,2024-03-18 15:57:28,140.12,2178903.25,99.99,2205.46,486.94,488.38,14.14277,12.72239,143.22710065097647,54.0
E3J2BC1221,2024-03-18 15:57:42,139.59,2203212.0,99.98,2228.98,486.94,488.38,14.33425,12.89344,143.2864151188466,54.0
E3J2BC1221,2024-03-18 15:57:56,139.43,2226520.25,99.99,2252.33,486.71,488.14,14.18087,12.8564,142.84565314364943,54.0
E3J2BC1221,2024-03-18 15:58:01,139.53,2234573.5,99.99,2261.33,486.71,488.14,14.24988,12.92723,142.31,54.0
E3J2BC1221,2024-03-18 15:58:06,139.41,2242722.5,99.99,2268.49,487.78,488.38,14.05023,12.70006,142.68311154242735,54.0
E3J2BC1221,2024-03-18 15:58:11,139.48,2250882.0,100.01,2277.47,487.78,488.38,14.01696,12.62497,142.1051975887475,54.0
E3J2BC1221,2024-03-18 15:58:16,139.52,2259031.0,99.98,2284.64,487.05,490.05,13.9713,12.33989,143.69152217869328,54.0
E3J2BC1221,2024-03-18 15:58:21,139.75,2267552.0,99.98,2293.69,487.05,490.05,13.89973,12.93403,143.97665080527085,54.0
E3J2BC1221,2024-03-18 15:58:26,139.68,2275382.0,99.99,2300.9,488.83,487.9,13.89973,12.93403,142.76654831625183,54.0
E3J2BC1221,2024-03-18 15:58:30,139.7,2283562.75,99.99,2309.85,488.83,487.9,13.94928,12.8398,142.32079181455677,54.0
E3J2BC1221,2024-03-18 15:58:35,139.59,2291743.75,99.99,2317.82,487.35,490.22,14.10741,12.30019,142.50407529239766,54.0
E3J2BC1221,2024-03-18 15:58:41,139.69,2300265.0,99.98,2326.89,488.89,490.12,13.87496,12.34029,142.51731662703494,54.0
E3J2BC1221,2024-03-18 15:58:45,139.86,2308052.0,99.98,2334.27,488.89,490.12,13.97685,12.53281,142.18369440721335,54.0
E3J2BC1221,2024-03-18 15:58:50,139.82,2316233.0,99.99,2342.38,488.2,489.55,14.09043,12.59418,142.19609451091205,54.0
E3J2BC1221,2024-03-18 15:58:55,139.55,2324371.0,99.98,2350.7,488.2,489.55,14.09043,12.59418,142.4964186610118,54.0
E3J2BC1221,2024-03-18 15:59:00,139.83,2332520.0,99.99,2358.68,489.47,490.32,13.85004,12.23553,142.19354275092937,54.0
E3J2BC1221,2024-03-18 15:59:05,140.09,2340668.75,99.99,2367.74,489.47,490.32,13.95327,12.59875,142.19931929569793,54.0
E3J2BC1221,2024-03-18 15:59:25,139.86,2374998.5,99.98,2401.27,487.99,489.29,14.01718,12.65949,141.89358727097397,54.0
E3J2BC1221,2024-03-18 15:59:39,139.47,2398148.0,99.98,2424.66,487.99,489.29,14.05411,12.55357,141.6718153696852,54.0
E3J2BC1221,2024-03-18 15:59:44,139.54,2406318.25,99.99,2432.56,489.59,491.48,14.08536,12.46401,141.70591532135242,54.0
E3J2BC1221,2024-03-18 15:59:49,139.83,2414488.25,99.99,2441.51,489.59,491.48,13.75244,11.8323,142.55770576444147,54.0
E3J2BC1221,2024-03-18 15:59:54,140.14,2422881.75,99.99,2448.83,489.16,490.76,13.70419,11.76506,142.73187574671445,54.0
E3J2BC1221,2024-03-18 15:59:59,140.84,2430818.75,99.99,2457.84,489.16,490.76,13.8152,12.06613,143.12296752979861,54.0
E3J2BC1221,2024-03-18 16:00:04,141.29,2437648.0,71.6,2465.18,481.16,491.19,14.83944,13.84007,142.60649321824908,54.0
E3J2BC1221,2024-03-18 16:00:09,141.98,2439663.75,11.94,2468.42,489.09,488.43,14.83944,13.84007,142.45404849979448,54.0
E3J2BC1221,2024-03-18 16:00:14,141.31,2441831.75,40.01,2469.98,490.41,482.7,13.93851,12.16928,142.25592367172777,54.0
E3J2BC1221,2024-03-18 16:00:19,139.32,2445123.75,40.01,2472.97,487.84,482.0,13.93851,12.16928,141.7225753211029,54.0
E3J2BC1221,2024-03-18 16:00:24,139.61,2448378.75,40.01,2476.55,495.84,489.92,13.93851,12.16928,141.19522146895102,54.0
E3J2BC1221,2024-03-18 16:00:29,138.92,2450266.75,15.96,2479.02,496.78,490.18,14.47465,13.78088,140.8893400333557,54.0
E3J2BC1221,2024-03-18 16:00:34,139.85,2450237.0,0.0,2479.17,497.27,490.32,14.47465,13.78088,140.89415993415494,54.0
E3J2BC1221,2024-03-18 16:00:38,139.88,2450237.0,0.0,2479.17,497.27,490.32,14.16188,13.63314,140.89415993415494,54.0
E3J2BC1221,2024-03-18 16:00:43,140.07,2450237.0,0.0,2479.17,497.27,490.32,14.16188,13.63314,140.89415993415494,54.0
E3J2BC1221,2024-03-18 16:00:48,140.13,2450237.0,0.0,2479.17,497.27,490.32,14.16188,13.63314,140.89415993415494,54.0
E3J2BC1221,2024-03-18 16:01:03,140.24,2450379.75,4.95,2479.22,497.27,490.32,13.2952,11.67773,140.87103251099222,54.0
E3J2BC1221,2024-03-18 16:01:17,142.33,2454014.5,20.0,2482.38,492.0,488.87,13.2952,11.67773,140.78826510721245,54.0
E3J2BC1221,2024-03-18 16:01:22,141.73,2455643.0,19.97,2484.16,484.0,481.0,13.43546,12.21075,141.31998781676413,54.0
E3J2BC1221,2024-03-18 16:01:27,141.42,2457273.75,20.0,2485.74,484.0,481.0,13.43546,12.21075,141.78589714558132,54.0
E3J2BC1221,2024-03-18 16:01:32,140.65,2457949.5,0.0,2486.93,486.83,481.78,13.6552,12.31642,141.77140039330195,54.0
E3J2BC1221,2024-03-18 16:01:36,140.42,2457949.5,0.0,2486.93,486.83,481.78,13.6552,12.31642,141.77140039330195,54.0
E3J2BC1221,2024-03-18 16:01:42,140.65,2457949.5,0.0,2486.93,486.83,481.78,14.95605,14.42826,141.77140039330195,54.0
E3J2BC1221,2024-03-18 16:01:46,140.63,2457949.5,0.0,2486.93,486.83,481.78,14.95605,14.42826,141.77140039330195,54.0
E3J2BC1221,2024-03-18 16:01:51,140.83,2457949.5,0.0,2486.93,486.83,481.78,14.63864,13.805,141.77140039330195,54.0
E3J2BC1221,2024-03-18 16:01:56,140.8,2457949.5,0.0,2486.93,486.83,481.78,14.63864,13.805,141.77140039330195,54.0
E3J2BC1221,2024-03-18 16:07:03,141.82,2457949.5,0.0,2486.93,486.83,481.78,14.07371,13.25226,141.77140039330195,54.0
E3J2BC1221,2024-03-18 16:07:08,141.74,2457949.5,0.0,2486.93,486.83,481.78,14.07371,13.25226,141.77140039330195,54.0
E3J2BC1221,2024-03-18 16:07:13,141.87,2457949.5,0.0,2486.93,486.83,481.78,13.85806,13.08797,141.77140039330195,54.0
E3J2BC1221,2024-03-18 16:07:18,141.76,2457949.5,0.0,2486.93,486.83,481.78,13.85806,13.08797,141.77140039330195,54.0
E3J2BC1221,2024-03-18 16:07:32,141.9,2457949.5,0.0,2486.93,486.83,481.78,15.38774,14.9562,141.77140039330195,54.0
